"strains.ID_strains","strains.Culture collection no.","strains.Species","strains.Strain Designation","strains_tax_PNU.Species","strains_tax_PNU.Full Scientific Name (LPSN)","strains_tax_PNU.ID_reference","strains_taxid.tax_id","strains_taxid.tax_level","culture_temp.Temperature","culture_temp.ID_reference","culture_pH.pH","culture_pH.ID_reference","met_antibiogram_v2.Incubation temperature [°C]","met_antibiogram_v2.Oxygen condition","met_antibiogram_v2.ID_reference","oxygen_tolerance.Oxygen tolerance","oxygen_tolerance.ID_reference","nutrition_type.Nutrition type","nutrition_type.ID_reference","sequence_genomes.INSDC accession","sequence_genomes.BV-BRC accession","sequence_genomes.IMG accession","sequence_genomes.ID_reference","GC_content.GC-content","GC_content.ID_reference"
132478,"DSM 29592, JCM 30920","Abyssivirga alkaniphila","L81","Vallitalea guaymasensis","Vallitalea guaymasensis Lakhal et al. 2013",20215,1675854,"species","15-42",43989,"7.0-8.2",43989,NA,NA,NA,"obligate anaerobe",43989,"chemoorganoheterotroph",43989,"GCA_003313305",1185412.3,2887388934,66792,"31.7",24267
2853,"DSM 19732, NBRC 101661, EBR 45","Acetivibrio clariflavus","EBR-02E-0045","Acetivibrio clariflavus","Acetivibrio clariflavus (Shiratori et al. 2009) Tindall 2019",20215,288965,"species","55",8129,"6.0-8.0",29002,NA,NA,NA,"anaerobe",8129,"chemoorganotroph",25435,"GCA_000237085",720554.3,2507262051,66792,"36.9",8129
17779,"DSM 22491, ATCC BAA-1850","Acetomicrobium hydrogeniformans","OS1","Acetomicrobium hydrogeniformans","Acetomicrobium hydrogeniformans (Maune and Tanner 2012) Ben Hania et al. 2016",20215,592015,"strain","55",16360,"06-09",29890,NA,NA,NA,"anaerobe",16360,"chemoorganotroph",43698,"GCA_000160455",592015.2,647000209,124043,"46.6",16360
17777,"DSM 13181, ATCC BAA-54, JCM 12221","Acetomicrobium mobile","NGA","Acetomicrobium mobile","Acetomicrobium mobile (Menes and Muxí 2002) Ben Hania et al. 2016",20215,97477,"species","55",4960,"5.4-8.7",43422,NA,NA,NA,"anaerobe",4960,"chemoorganotroph",43422,"GCA_000266925",891968.3,2509601011,66792,"51.5",4960
17778,"DSM 13490, ACM 5076","Acetomicrobium thermoterrenum","RWcit2","Acetomicrobium thermoterrenum","Acetomicrobium thermoterrenum (Rees et al. 1997) Ben Hania et al. 2016",20215,1120986,"species","50",5065,"5.5-8.6",43698,NA,NA,NA,"anaerobe",5065,"chemoorganotroph",43698,"GCA_016125955",2544872.3,NA,66792,"44",5065
166226,"CGMCC 1.16069, KCTC 62275","Acidibrevibacterium fodinaquatile","G45-3","Acidibrevibacterium fodinaquatile","Acidibrevibacterium fodinaquatile Muhadesi et al. 2019",20215,1969806,"species","20-45",68197,"2.5-5",68197,NA,NA,NA,"obligate aerobe",68197,"chemoorganotroph",68197,"GCA_003352165",1969806.3,2841042143,68197,"65.9",68197
6149,"DSM 14174, JCM 32253","Acidihalobacter aeolianus","V6","Acidihalobacter aeolianus","Acidihalobacter aeolianus Khaleque et al. 2019",20215,2792603,"species","35",5241,"1.5-3",67866,NA,NA,NA,"aerobe",67866,"chemolithoautotroph",67866,"GCA_001753165",160660.9,2718218021,66792,"62.2",67866
24820,"DSM 14175, JCM 32254","Acidihalobacter ferrooxydans","V8","Acidihalobacter ferrooxydans","Acidihalobacter ferrooxydans Khaleque et al. 2019",20215,1765967,"species","35",5242,"1-3",67866,NA,NA,NA,"aerobe",67866,"chemolithoautotroph",67866,"GCA_001975725",1765967.4,2751185721,66792,"61.6",5242
26,"DSM 2389, ATCC 33463, JCM 21277, IAM 14719, IFO 14242, NBRC 14242, NCIMB 11690","Acidiphilium cryptum","Lhet2","Acidiphilium cryptum","Acidiphilium cryptum Harrison 1981",20215,524,"species","47",23239,"1.9-5.9",23239,NA,NA,NA,"aerobe",23239,"heterotroph",23239,"",NA,NA,NA,"69.80",23239
82,"DSM 21000, VKM B-2487","Acidisoma sibiricum","TPB606","Acidisoma sibiricum","Acidisoma sibiricum Belova et al. 2009",20215,512383,"species","20",9076,"3.7-7.6",22964,NA,NA,NA,"obligate aerobe",22964,"chemoorganotroph",22964,"",NA,NA,NA,"60.5",9076
81,"DSM 19999, VKM B-2488","Acidisoma tundrae","WM1","Acidisoma tundrae","Acidisoma tundrae Belova et al. 2009",20215,512382,"species","20",8416,"3.0-7.5",22964,NA,NA,NA,"obligate aerobe",22964,"chemoorganotroph",22964,"",NA,NA,NA,"61.9",8416
160797,"DSM 107098, JCM 33084","Acidithiobacillus ferrianus","MG","Acidithiobacillus ferrianus","Acidithiobacillus ferrianus Norris et al. 2020",20215,2678518,"species","30",67734,"2",68324,NA,NA,NA,"facultative anaerobe",68324,"chemolithoautotroph",68324,"GCA_010378095",2678518.3,2895580592,67770,"58.2",67734
132357,"DSM 100412, JCM 30830","Acidithiobacillus ferriphilus","M20","Acidithiobacillus ferriphilus","Acidithiobacillus ferriphilus Falagán and Johnson 2016",20215,1689834,"species","30",43830,"2",43830,NA,NA,NA,"facultative anaerobe",43830,"chemolithotroph",43830,"GCA_018854775",1689834.8,NA,66792,"57.4",43830
159192,"DSM 105150, KCTC 4683","Acidithiobacillus sulfuriphilus","CJ-2","Acidithiobacillus sulfuriphilus","Acidithiobacillus sulfuriphilus Falagán et al. 2019",20215,1867749,"species","28",66015,"3",68181,NA,NA,NA,"aerobe",67771,"chemolithoautotroph",68181,"GCA_003721225",1867749.3,2840828123,68181,"61.5",66015
133033,"DSM 27394, LMG 28340","Acidobacterium ailaaui","PMMR2","Acidobacterium ailaaui","Acidobacterium ailaaui Myers and King 2016",20215,1382359,"species","15.0-55.0",25069,"4.5-7.0",25069,NA,NA,NA,"aerobe",25069,"chemoorganotroph",25069,"GCA_000688455",1382359.3,2558860986,66792,"57.2",25069
141146,"CGMCC 1.16012, KCTC 52653, DSM 109121","Actibacterium pelagium","JN33","Actibacterium pelagium","Actibacterium pelagium Guo et al. 2017",20215,2029103,"species","10-35",44067,"6.5-8.5",44067,NA,NA,NA,"aerobe",44067,"chemoorganotroph",44067,"GCA_002285415",2029103.3,2832254508,66792,"57.8",44067
166411,"KACC 15529, NBRC 108213, IMCC 3088","Aequoribacter fuscus","","Aequoribacter fuscus","Aequoribacter fuscus Li et al. 2021",20215,2518989,"species","10-35",68362,"6-8.5",68362,NA,NA,NA,"obligate aerobe",68362,"chemoheterotroph",68362,"GCA_009910365",2518989.3,8062752921,68362,"51.7",68362
5477,"DSM 14238, ACAM 643, CIP 107454, LMG 21432","Aequorivita sublithincola","9-3","Aequorivita sublithincola","Aequorivita sublithincola Bowman and Nichols 2002",20215,101385,"species","2-10",5266,"7-7.5",43341,NA,NA,NA,"obligate aerobe",43341,"chemoheterotroph",43341,"GCA_000265385",746697.3,2509276063,66792,"36-37",5266
258,"DSM 11577, CECT 4342, LMG 16330, CIP 104608, ATCC 51929","Aeromonas encheleia","S181, S-181","Aeromonas encheleia","Aeromonas encheleia Esteve et al. 1995",20215,73010,"species","28",4328,"9.0",23255,NA,NA,NA,"facultative anaerobe",119022,"chemoorganotroph",23255,"GCA_000819825",73010.3,2639762835,66792,"60.0",4328
4196,"DSM 16960, ATCC BAA-758, JCM 12091","Aeropyrum camini","SY1","Aeropyrum camini","Aeropyrum camini Nakagawa et al. 2004",20215,229980,"species","85",6671,"6.5-8.8",23223,NA,NA,NA,"aerobe",23223,"heterotroph",23223,"GCA_000591035",1198449.6,2554235461,66792,"54.4",6671
4195,"DSM 11879, JCM 9820, ATCC 700893, NBRC 100138","Aeropyrum pernix","K1","Aeropyrum pernix","Aeropyrum pernix Sako et al. 1996",20215,56636,"species","90",4521,"5-9",23222,NA,NA,NA,"aerobe",23222,"heterotroph",23222,"GCA_000011125",272557.25,2923402010,66792,"67",4521
159185,"DSM 105662, NBRC 112897","Aerosticca soli","Dysh456","Aerosticca soli","Aerosticca soli Watanabe et al. 2020",20215,2010829,"species","45",66008,"4.3-7.9",68269,NA,NA,NA,"aerobe",68269,"chemoorganotroph",68269,"GCA_003967035",2010829.3,2989055730,68269,"68",68269
437,"DSM 15266, KCTC 12043, IMSNU 14007, CIP 108412","Aestuariibacter halophilus","JC2043","Aestuariibacter halophilus","Aestuariibacter halophilus Yi et al. 2004",20215,226011,"species","40",5783,"6-11",23286,NA,NA,NA,"obligate aerobe",23286,"chemoheterotroph",23286,"GCA_020687825",226011.4,8047120848,66792,"54.00",23286
438,"DSM 15300, KCTC 12042, IMSNU 14006, CIP 108413","Aestuariibacter salexigens","JC2042","Aestuariibacter salexigens","Aestuariibacter salexigens Yi et al. 2004",20215,226010,"species","35",5834,"7-8",23286,NA,NA,NA,"obligate aerobe",23286,"chemoheterotroph",23286,"GCA_000429145",1120953.3,2524614540,66792,"48.00",23286
132534,"DSM 28305, CGMCC 4.7180, NRRL B-59115, JCM 32487","Agromyces binzhouensis","OAct-353, OAct353","Agromyces binzhouensis","Agromyces binzhouensis Chen et al. 2016",20215,1817495,"species","12-36",43631,"5-8",43631,NA,NA,NA,"aerobe",43631,"heterotroph",43631,"GCA_004135055",1817495.5,2866589525,67770,"69.6",24323
159616,"DSM 105049, CGMCC 4.7419","Agromyces tardus","SJ-23","Agromyces tardus","Agromyces tardus Sun et al. 2019",20215,2583849,"species","28",66442,"6-10",68199,NA,NA,NA,"aerobe",68199,"heterotroph",68199,"GCA_042655905",NA,NA,124043,"71.8",68199
133121,"MCCC 1H00140, KCTC 52228","Algoriphagus resistens","NH1","Algoriphagus resistens","Algoriphagus resistens Han et al. 2017",20215,1750590,"species","13-37",25311,"5.5-8.5",25311,NA,NA,NA,"facultative anaerobe",25311,"heterotroph",25311,"GCA_001442615",NA,2724679001,66792,"41.9",67771
166399,"DSM 100707, LMG 29076","Alienimonas californiensis","CA12","Alienimonas californiensis","Alienimonas californiensis Boersma et al. 2021",20215,2527989,"species","20",68541,"5.0-9.0",68088,NA,NA,NA,"aerobe",68088,"heterotroph",68088,"GCA_007743815",2527989.3,2883481223,66792,"70.1",68088
166424,"MCCC 1H00223, KCTC 52891","Aliidiomarina celeris","F3105","Aliidiomarina celeris","Aliidiomarina celeris Wang et al. 2019",20215,2249428,"species","4-45",67782,"6.5-9.5",67782,NA,NA,NA,"facultative anaerobe",67782,"heterotroph",67782,"GCA_003316875",2249428.3,2831692965,67782,"49.5",67782
140844,"IBRC-M 10763, CECT 8339","Aliidiomarina iranensis","GBPy7","Aliidiomarina iranensis","Aliidiomarina iranensis Amoozegar et al. 2016",20215,1434071,"species","4-45",43647,"7-10",43647,NA,NA,NA,"facultative anaerobe",43647,"heterotroph",43647,"GCA_003987135",1434071.3,2889949872,66792,"51.6",43647
140532,"CECT 8340, IBRC-M 10764","Aliidiomarina sedimenti","GBSy1","Aliidiomarina sedimenti","Aliidiomarina sedimenti Shahinpei et al. 2017",20215,1933879,"species","34",43316,"7-10",43316,NA,NA,NA,"aerobe",43316,"heterotroph",43316,"GCA_003986955",1933879.3,2890096513,66792,"51.2",43316
158280,"DSM 104669, JCM 31859, JAM 119","Aliiroseovarius lamellibrachiae","","Aliiroseovarius lamellibrachiae","Aliiroseovarius lamellibrachiae (Nogi et al. 2017) Zhang et al. 2023",20215,1924933,"species","30",64940,"7",65416,NA,NA,NA,"aerobe",65416,"chemoorganotroph",65416,"GCA_018599245",1924933.3,2995433469,66792,"57",64940
140294,"DSM 26418, VKM B-2746","Alkaliphilus namsaraevii","X-07-02","Alkaliphilus namsaraevii","Alkaliphilus namsaraevii Zakharyuk et al. 2017",20215,1454184,"species","30",43228,"7.0-10.7",43228,NA,NA,NA,"aerotolerant",43228,"chemoorganoheterotroph",43228,"",NA,NA,NA,"32.6",42901
160373,"DSM 100017, JCM 30644","Alkaliphilus pronyensis","LacV","Alkaliphilus pronyensis","Alkaliphilus pronyensis Postec et al. 2022",20215,1482732,"species","30",67279,"8.2-10.0",69644,NA,NA,NA,"anaerobe",69644,"organoheterotroph",69644,"GCA_009017275",1482732.3,NA,67770,"33.9",67279
160178,"DSM 100337, JCM 30643","Alkaliphilus serpentinus","LacT","Alkaliphilus serpentinus","Alkaliphilus serpentinus Postec et al. 2022",20215,1482731,"species","30",67082,"7.5-10.6",69644,NA,NA,NA,"anaerobe",69644,"organoheterotroph",69644,"GCA_009017255",1482731.3,NA,67770,"37",67082
159775,"JCM 32501, CCTCC AB 2017284","Alsobacter soli","SH9","Alsobacter soli","Alsobacter soli Sun et al. 2018",20215,2109933,"species","15-40",66785,"7",66785,NA,NA,NA,"obligate aerobe",66785,"chemoorganotroph",66785,"GCA_003004785",2109933.3,2786546835,67770,"68.5",67770
164197,"JCM 32118, CGMCC 1.16739, MCC 3010","Alteribacter natronophilus","M30","Alteribacter natronophilus","Alteribacter natronophilus (Menes et al. 2020) Gupta et al. 2020",20215,2583810,"species","28",67770,"8.0-12.0",69523,NA,NA,NA,"obligate aerobe",69523,"heterotroph",69523,"GCA_006007885",2583810.3,2964282322,67770,"48.9",67770
449,"DSM 15446, KCTC 12195, KMM 3600, LMG 22532, CIP 108794","Alteromonas addita","R10SW13","Alteromonas stellipolaris","Alteromonas stellipolaris Van Trappen et al. 2004",20215,233316,"species","25",5806,"6.0-10.0",23289,NA,NA,NA,"aerobe",23289,"chemoorganotroph",23289,"GCA_001562195",287094.3,2687453643,66792,"43.0",5806
159352,"DSM 106819, ATCC 43554, RCC 5933, CIP 111645","Alteromonas fortis","1, 1T","Alteromonas fortis","Alteromonas fortis Barbeyron et al. 2019",20215,NA,"","25",66175,"5.5-10.0",68000,NA,NA,NA,"aerobe",68000,"chemoorganotroph",68000,"",NA,NA,NA,"43.9",68000
450,"DSM 23844, CCUG 55340, LMG 24078","Alteromonas genovensis","","Alteromonas genovensis","Alteromonas genovensis Vandecandelaere et al. 2008",20215,471225,"species","28",17399,"6.0-8.5",23290,NA,NA,NA,"aerobe",23290,"heterotroph",23290,"GCA_010500895",471225.5,8068957989,66792,"44.5",17399
133345,"CGMCC 1.15735, KCTC 52408, MCCC 1K03175","Alteromonas lipolytica","JW12","Alteromonas lipolytica","Alteromonas lipolytica Shi et al. 2017",20215,1856405,"species","15.0-43.0",25171,"5.5-9.5",25171,NA,NA,NA,"aerobe",25171,"chemoorganotroph",25171,"GCA_001758465",NA,2834723206,66792,"48.4",25171
1403,"DSM 6626, ATCC 51415, IFO 15112, JCM 7361, NBRC 15112, LMG 17667","Amphibacillus xylanus","Ep01","Amphibacillus xylanus","Amphibacillus xylanus Niimura et al. 1990",20215,1449,"species","37",2759,"8.0-10.0",23029,NA,NA,NA,"facultative anaerobe",23029,"chemoorganotroph",23029,"GCA_000307165",698758.3,2524023219,66792,"36",23029
140873,"CECT 8581, LMG 28208","Ampullimonas aquatilis","B15.09-116","Ampullimonas aquatilis","Ampullimonas aquatilis França et al. 2016",20215,1341549,"species","15-35",43699,"5.5-9",43699,NA,NA,NA,"obligate aerobe",43699,"organotroph",43699,"GCA_049675895",NA,NA,124043,"49.8",43699
140730,"KCTC 52581, CGMCC 1.15880, DSM 108668","Amylibacter cionae","H-12","Amylibacter cionae","Amylibacter cionae Wang et al. 2017",20215,2035344,"species","10-35",43509,"6-9",43509,NA,NA,NA,"aerobe",43509,"chemoautolithotroph",43509,"GCA_014643735",2035344.4,3001054348,66792,"53.7",43509
132584,"DSM 100423, JCM 30819, SN 021","Anaerocolumna cellulosilytica","","Anaerocolumna cellulosilytica","Anaerocolumna cellulosilytica Ueki et al. 2016",20215,433286,"species","35",43082,"6.2-8.5",43082,NA,NA,NA,"obligate anaerobe",43082,"chemoorganotroph",43082,"GCA_014202875",433286.3,2861627031,66792,"38.1",24373
140570,"JCM 30224, MCCC 1A00776","Anaeromicrobium sediminis","DY2726D","Anaeromicrobium sediminis","Anaeromicrobium sediminis Zhang et al. 2017",20215,1478221,"species","37",43340,"6.5-9.0",43340,NA,NA,NA,"anaerobe",43340,"heterotroph",43340,"GCA_002270055",1478221.3,2993938144,67770,"33.4",43340
132583,"DSM 100431, JCM 30820","Anaerotaenia torta","FH052","Anaerotaenia torta","Anaerotaenia torta Ueki et al. 2016",20215,433293,"species","35-40",43082,"6.8-8.2",43082,NA,NA,NA,"obligate anaerobe",43082,"chemoorganotroph",43082,"",NA,2861347227,66792,"47.2",24372
140747,"JCM 31556, DSM 103575, KCTC 15705","Anaerotignum aminivorans","SH021","Anaerotignum aminivorans","Anaerotignum aminivorans Ueki et al. 2017",20215,433287,"species","15-40",43524,"6.1-8.2",43524,NA,NA,NA,"obligate anaerobe",43524,"chemoorganotroph",43524,"",NA,NA,NA,"38.2",64905
164306,"JCM 32614, KCTC 15718","Ancylomarina euxinus","M1P","Ancylomarina euxinus","Ancylomarina euxinus Yadav et al. 2020",20215,2283627,"species","18",67770,"7-8",69631,NA,NA,NA,"facultative anaerobe",69631,"chemoorganoheterotroph",69631,"GCA_003863355",2283627.3,2889681909,67770,"35.7",69631
6140,"DSM 4255, ATCC 43788","Annwoodia aquaesulis","","Annwoodia aquaesulis","Annwoodia aquaesulis (Wood and Kelly 1995) Boden et al. 2017",20215,47959,"species","42",1635,"7.0-9.0",43206,NA,NA,NA,"anaerobe",43206,"chemolithoautotroph",43206,"",NA,2765235834,66792,"65.7",1635
133335,"KACC 17666, JCM 19528","Aquimarina versatilis","CBA3207","Aquimarina versatilis","Aquimarina versatilis Lee et al. 2017",20215,1417658,"species","25.0-30.0",25172,"7.0-7.5",25172,NA,NA,NA,"aerobe",25172,"chemoorganotroph",25172,"",NA,NA,NA,"38.8",25172
166171,"BCRC 81010, KCTC 52441","Aquincola rivuli","KYPY4","Rubrivivax rivuli","Rubrivivax rivuli (Sheu et al. 2019) Liu et al. 2023",20215,1862385,"species","25-40",67963,"6.5-7.5",67963,NA,NA,NA,"aerobe",67963,"chemoheterotroph",67963,"GCA_004016505",1862385.4,2881028243,66792,"70.1",67963
166366,"KCTC 72002, NBRC 114071","Arenibacter lacus","JC631","Arenibacter lacus","Arenibacter lacus Kumar et al. 2020",20215,2608629,"species","20-40",68316,"6-10",68316,NA,NA,NA,"obligate aerobe",68316,"chemoorganoheterotroph",68316,"GCA_008711145",2608629.3,2891826598,68316,"40.8",68316
132622,"DSM 26556, LMG 29166","Arenimicrobium luteum","Ac_12_G8","Arenimicrobium luteum","Arenimicrobium luteum Wüst et al. 2016",20215,1560324,"species","28.0-44.6",43144,"3.5-9.5",43144,NA,NA,NA,"obligate aerobe",43144,"chemoorganoheterotroph",43144,"",NA,NA,NA,"66.9",24411
158725,"JCM 32184, MTCC 12637, KCTC 33880","Bacillus alkalilacus","AK73","Alkalihalobacillus alkalilacus","Alkalihalobacillus alkalilacus (Singh et al. 2018) Gupta et al. 2020",20215,1983720,"species","15-42",65472,"7-12",65472,NA,NA,NA,"aerobe",65472,"chemoorganotroph",65472,"",NA,NA,NA,"54",65472
132385,"DSM 28970, JCM 30397","Bacillus ectoiniformans","NE-14","Bacillus ectoiniformans","Bacillus ectoiniformans Zhu et al. 2016",20215,1494429,"species","10-45",43774,"6-10",43774,NA,NA,NA,"facultative anaerobe",43774,"chemoorganotroph",43774,"GCA_016908875",1494429.3,2901210109,66792,"39.2",24174
164467,"JCM 33158, CCAM 530, KCTC 15783","Biomaibacter acetigenes","SK-G1","Biomaibacter acetigenes","Biomaibacter acetigenes Zhang et al. 2019",20215,2316383,"species","55",67770,"6.0-8.5",68047,NA,NA,NA,"anaerobe",68047,"chemoorganotroph",68047,"GCA_003691585",2316383.3,2893925626,66792,"43.9",67770
1786,"DSM 9653, CCUG 55771, ATCC 700366","Bosea thiooxidans","BI-42","Bosea thiooxidans","Bosea thiooxidans Das et al. 1996",20215,53254,"species","28",3671,"6.0",23322,NA,NA,NA,"facultative aerobe",23322,"chemolithoheterotroph",23322,"GCA_900168195",53254.5,2595698224,66792,"68.2",23322
132620,"DSM 27934, LMG 28618","Brevitalea aridisoli","Ac_11_E3","Brevitalea aridisoli","Brevitalea aridisoli Wüst et al. 2016",20215,1458336,"species","35.4-45.0",43144,"4.7-8.1",43144,NA,NA,NA,"obligate aerobe",43144,"chemoorganoheterotroph",43144,"",NA,NA,NA,"55.9",24409
132621,"DSM 29892, LMG 28995, LMG 29713","Brevitalea deliciosa","Ac_16_C4","Brevitalea deliciosa","Brevitalea deliciosa Wüst et al. 2016",20215,1603870,"species","32.9-37.2",43144,"4.7-9.0",43144,NA,NA,NA,"obligate aerobe",43144,"chemoorganoheterotroph",43144,"",NA,NA,NA,"54.7",24410
141,"DSM 22489, LMG 25276, SN 10","Bryocella elongata","","Bryocella elongata","Bryocella elongata Dedysh et al. 2012",20215,863522,"species","20",16359,"3.2",23106,NA,NA,NA,"aerobe",23106,"chemoorganotroph",23106,"GCA_900108185",863522.6,2684622995,66792,"60.7",16359
18028,"DSM 18901, VKM B-2411, NBRC 117220","Caldicellulosiruptor hydrothermalis","108","Caldicellulosiruptor hydrothermalis","Caldicellulosiruptor hydrothermalis Miroshnichenko et al. 2008",20215,413888,"species","65",7610,"06-08",32271,NA,NA,NA,"anaerobe",7610,"chemoorganoheterotroph",28511,"GCA_000166355",632292.3,649633022,66792,"36.4",7610
18029,"DSM 18902, VKM B-2412, NBRC 117221","Caldicellulosiruptor kronotskyensis","2002","Caldicellulosiruptor kronotskyensis","Caldicellulosiruptor kronotskyensis Miroshnichenko et al. 2008",20215,413889,"species","70",7611,"06-08",32271,NA,NA,NA,"anaerobe",7611,"chemoorganoheterotroph",28511,"GCA_000166775",632348.3,649633024,66792,"35.1",7611
140656,"ATCC BAA-2073, JCM 16842","Caldicellulosiruptor obsidiansis","OB47","Caldicellulosiruptor obsidiansis","Caldicellulosiruptor obsidiansis Hamilton-Brehm et al. 2010",20215,717609,"species","78",43401,"5-8",43401,NA,NA,NA,"obligate anaerobe",43401,"chemoorganoheterotroph",43401,"GCA_000145215",608506.3,648028013,66792,"35.2",43401
18027,"DSM 13100, ATCC 700167","Caldicellulosiruptor owensensis","OL","Caldicellulosiruptor owensensis","Caldicellulosiruptor owensensis Huang et al. 1998",20215,55205,"species","70",4904,"5.5-9",43370,NA,NA,NA,"anaerobe",4904,"chemoorganotroph",43370,"GCA_000166335",632518.3,649633025,66792,"36.6",4904
132490,"DSM 29380, NBRC 110713","Caldimicrobium thiodismutans","TF1","Caldimicrobium thiodismutans","Caldimicrobium thiodismutans Kojima et al. 2016",20215,1653476,"species","40-77",43669,"5.9-9.5",43669,NA,NA,NA,"anaerobe",43669,"chemoautolithotroph",43669,"GCA_001548275",1653476.1,2751185666,66792,"38.3",43669
2090,"DSM 15908, ANMR 0165, JCM 11604, MCC-UPLB 1331","Caldisphaera lagunensis","IC-154","Caldisphaera lagunensis","Caldisphaera lagunensis Itoh et al. 2003",20215,200415,"species","75",6178,"2.3-5.4",23168,NA,NA,NA,"anaerobe",6178,"chemoorganotroph",23168,"GCA_000317795",1056495.6,2510065009,66792,"31",6178
5500,"DSM 14237, ACAM 630, CIP 107446, LMG 21425","Cellulophaga algicola","IC166","Cellulophaga algicola","Cellulophaga algicola Bowman 2000",20215,59600,"species","10-20",5265,"7.5",43416,NA,NA,NA,"aerobe",43416,"chemoorganotroph",43416,"GCA_000186265",688270.3,649633031,66792,"36-38",5265
5499,"DSM 7489, ATCC 23178, IAM 14306, Cy l20, JCM 8516, CECT 5014, CIP 103822, IFO 14961, KCTC 2913, KCTC 2914, LMG 1344, LMG 8371, NBRC 14961, NCIMB 1423, VKM B-1433, DSM 2039, LMG 14961","Cellulophaga lytica","LIM -21, LIM 21","Cellulophaga lytica","Cellulophaga lytica (Lewin 1969) Johansen et al. 1999",20215,979,"species","28",3188,"7-7.5",43342,NA,NA,NA,"aerobe",43342,"chemoheterotroph",43342,"GCA_000190595",867900.3,649633032,66792,"33.2",3188
140658,"NCDO 2697, NCIMB 10462, DSM 16015","Cellvibrio japonicus","Ueda107","Cellvibrio japonicus","Cellvibrio japonicus Humphry et al. 2003",20215,155077,"species","17-47",43405,"6-9",43405,NA,NA,NA,"aerobe",43405,"chemoorganotroph",43405,"",NA,NA,NA,"53.3",43405
133181,"BCRC 80923, LMG 29289, KCTC 42982, DSM 107335","Chitinibacter fontanus","STM-7","Chitinibacter fontanus","Chitinibacter fontanus Sheu et al. 2016",20215,1737446,"species","15.0-37.0",24960,"6.0-8.0",24960,NA,NA,NA,"aerobe",24960,"chemoorganotroph",24960,"GCA_013423785",1737446.3,2927923272,66792,"52.4",24960
133098,"DSM 29225, JCM 30533, VKM B-2978","Chloroflexus islandicus","isl-2","Chloroflexus islandicus","Chloroflexus islandicus Gaisin et al. 2017",20215,1707952,"species","46-59",43175,"7.5-7.7",43175,NA,NA,NA,"aerobe",43175,"photoheterotroph",43175,"GCA_001650695",1707952.4,2775507287,67770,"59.65",43175
140621,"NBRC 106750, KCTC 13722, JCM 16712, CCUG 59101","Chryseomicrobium palamuruense","PU1","Chryseomicrobium palamuruense","Chryseomicrobium palamuruense Pindi et al. 2016",20215,682973,"species","37",43143,"7-10",43143,NA,NA,NA,"aerobe",43143,"chemoorganotroph",43143,"GCA_042649045",NA,NA,124043,"48.5",67770
163760,"JCM 30318, LMG 30359","Chryseotalea sanaruensis","Ys","Chryseotalea sanaruensis","Chryseotalea sanaruensis Maejima et al. 2020",20215,2482724,"species","30",67770,"6.0-11.0",68059,NA,NA,NA,"aerobe",68059,"heterotroph",68059,"GCA_003990915",2482724.3,2882207491,68059,"38.9",67770
24814,"DSM 22515","Chthoniobacter flavus","Ellin428","Chthoniobacter flavus","Chthoniobacter flavus Sangwan et al. 2004",20215,191863,"species","25",21325,"4-7",43403,NA,NA,NA,"aerobe",43403,"heterotroph",43403,"GCA_004341915",191863.3,2795385450,66792,"60.7",43403
133409,"JCM 30603, KCTC 42450","Chthonobacter albigriseus","ED7","Chthonobacter albigriseus","Chthonobacter albigriseus Kim et al. 2017",20215,1683161,"species","20-42",25245,"7.5-8.0",25245,NA,NA,NA,"aerobe",25245,"oligotroph",25245,"GCA_013839445",1683161.3,2994720383,67770,"71.8",67770
158415,"DSM 104983, VKM B-2846","Cohnella kolymensis","20.16T","Cohnella kolymensis","Cohnella kolymensis Kudryashova et al. 2018",20215,1590652,"species","30",65091,"4.0-8.0",66651,NA,NA,NA,"facultative anaerobe",66651,"chemoorganotroph",66651,"GCA_000829465",1590652.3,2630968607,124043,"50.50",66651
132361,"DSM 26017, CGMCC 1.12294","Comamonas phosphati","WYH22-41","Comamonas phosphati","Comamonas phosphati Xie et al. 2016",20215,1211803,"species","30",44040,"7",44040,NA,NA,NA,"facultative anaerobe",44040,"chemoorganotroph",44040,"GCA_014637085",1211803.3,2995906363,66792,"62.4",24150
140817,"KEMB 563-466, JCM 31169","Comamonas sediminis","S3","Comamonas sediminis","Comamonas sediminis Subhash et al. 2016",20215,1783360,"species","12-45",43607,"6.1-8.8",43607,NA,NA,NA,"aerobe",43607,"chemoorganoheterotroph",43607,"GCA_041107495",NA,NA,124043,"68.3",43607
140750,"KCTC 22549, CMPUJ U369, USBA 369","Consotaella salsifontis","","Consotaella salsifontis","Consotaella salsifontis Díaz-Cárdenas et al. 2017",20215,1365950,"species","20-40",43528,"5-9",43528,NA,NA,NA,"facultative aerobe",43528,"chemoheterotroph",43528,"GCA_900167365",NA,2657245368,124043,"64.3",43528
3195,"DSM 44549, JCM 11189, FERM 9246, AJ 12310, CCM 7123, CCUG 47130, CCUG 48037, CIP 107632, NBRC 100395","Corynebacterium efficiens","AJ-12310, YS-314","Corynebacterium efficiens","Corynebacterium efficiens Fudou et al. 2002",20215,152794,"species","37",20072,"",23185,NA,NA,NA,"aerobe",23185,"chemoorganotroph",23185,"GCA_000011305",196164.6,644736345,66792,"58.8",11854
140814,"KCTC 42980, NBRC 111834, DSM 108273, KCTC 42981","Cribrihabitans pelagius","KMU-32","Cribrihabitans pelagius","Cribrihabitans pelagius Yoon et al. 2016",20215,1765746,"species","25-37",43601,"6-9",43601,NA,NA,NA,"obligate aerobe",43601,"chemoheterotroph",43601,"GCA_048820915",NA,NA,124043,"63.7",43601
140669,"CCTCC AA 2016026, DSM 103787","Cumulibacter manganitolerans","2-36","Cumulibacter manganitolerans","Cumulibacter manganitolerans Huang et al. 2017",20215,1884992,"species","15-37",43433,"4-10",43433,NA,NA,NA,"obligate aerobe",43433,"chemoheterotroph",43433,"GCA_009602465",1884992.3,2887435738,66792,"70.1",64868
141129,"JCM 30642, VKM B-2941","Cuniculiplasma divulgatum","S5","Cuniculiplasma divulgatum","Cuniculiplasma divulgatum Golyshina et al. 2016",20215,1673428,"species","10-48",44041,"0.5-4.0",44041,NA,NA,NA,"facultative anaerobe",44041,"organoheterotroph",44041,"GCA_900083515",1673428.4,2773858060,66792,"37.3",67770
3841,"DSM 14783, JCM 11476, NBRC 101012","Deferribacter desulfuricans","SSM1","Deferribacter desulfuricans","Deferribacter desulfuricans Takai et al. 2003",20215,197162,"species","62",5537,"5.0-7.5",23104,NA,NA,NA,"anaerobe",5537,"heterotroph",23104,"GCA_000010985",639282.3,646564525,66792,"38.6",5537
132415,"DSM 29363, JCM 30394","Deferrisoma palaeochoriense","MAG-PB1","Deferrisoma palaeochoriense","Deferrisoma palaeochoriense Pérez-Rodríguez et al. 2016",20215,1573172,"species","30-70",44025,"5.5-8.0",44025,NA,NA,NA,"obligate anaerobe",44025,"mixotroph",44025,"",NA,NA,NA,"66.7",24204
140462,"HAMBI 3672, JCM 19277, VKM B-3058","Dehalogenimonas formicexedens","NSZ-14","Dehalogenimonas formicexedens","Dehalogenimonas formicexedens Key et al. 2017",20215,1839801,"species","30-34",43177,"5.5-7.5",43177,NA,NA,NA,"anaerobe",43177,"chemotroph",43177,"GCA_001953175",NA,2773857847,66792,"54.1",43177
3901,"DSM 21458, HAMBI 2721","Deinobacterium chartae","K-bf-PMWA-4.1, K4.1","Deinobacterium chartae","Deinobacterium chartae Ekman et al. 2011",20215,521158,"species","37",15718,"6.0-10.3",23351,NA,NA,NA,"aerobe",23351,"chemoorganotroph",23351,"GCA_014202645",521158.3,2861587418,66792,"66.8",15718
3987,"DSM 12345","Desulfofrigus fragile","LSv21","Desulfofrigus fragile","Desulfofrigus fragile Knoblauch et al. 1999",20215,84983,"species","8",4706,"7.0-7.4",23372,NA,NA,NA,"anaerobe",4706,"chemoorganotroph",23372,"",NA,NA,NA,"52.1",4706
3988,"DSM 12341","Desulfofrigus oceanense","ASv26","Desulfofrigus oceanense","Desulfofrigus oceanense Knoblauch et al. 1999",20215,84982,"species","8",4702,"7.0-7.5",23372,NA,NA,NA,"anaerobe",4702,"chemoorganotroph",23372,"",NA,NA,NA,"52.8",4702
4034,"DSM 9292","Desulfonatronovibrio hydrogenovorans","Z-7935","Desulfonatronovibrio hydrogenovorans","Desulfonatronovibrio hydrogenovorans Zhilina et al. 1997",20215,53245,"species","30",3532,"10.2",23206,NA,NA,NA,"anaerobe",3532,"lithoheterotroph",23206,"GCA_000686525",1121413.3,2563366506,66792,"48.6",23206
4065,"DSM 16749, VKM B-2329","Desulfonatronum cooperativum","Z-7999","Desulfonatronum cooperativum","Desulfonatronum cooperativum Zhilina et al. 2005",20215,292807,"species","35",6492,"6.7-10.3",23210,NA,NA,NA,"anaerobe",6492,"lithotroph",23210,"",NA,NA,NA,"56.5",6492
4064,"DSM 14708, ATCC BAA-395, MLF 1, CIP 107913","Desulfonatronum thiodismutans","","Desulfonatronum thiodismutans","Desulfonatronum thiodismutans Pikuta et al. 2003",20215,159290,"species","35",5494,"8.0-10.0",23209,NA,NA,NA,"anaerobe",5494,"lithoheterotroph",23209,"GCA_000717475",159290.4,2609460260,124043,"63",5494
132676,"DSM 24088, JCM 31386","Desulforamulus aquiferis","Bs105","Desulforamulus aquiferis","Desulforamulus aquiferis (Berlendis et al. 2016) Watanabe et al. 2021",20215,1397668,"species","30-45",25005,"6.2-8.0",25005,NA,NA,NA,"anaerobe",25005,"chemolithoautotroph",25005,"GCA_004143605",1397668.3,NA,67770,"42.9",24465
132677,"DSM 24093, JCM 31387","Desulforamulus profundi","Bs107","Desulforamulus profundi","Desulforamulus profundi (Berlendis et al. 2016) Watanabe et al. 2021",20215,1383067,"species","60",25005,"6.3-7.8",25005,NA,NA,NA,"anaerobe",25005,"chemolithoautotroph",25005,"GCA_002607855",1383067.4,2802429666,67770,"48.7",24466
4167,"DSM 19430, JCM 14597, KCTC 5573","Desulfovibrio psychrotolerans","JS, JS1","Desulfovibrio psychrotolerans","Desulfovibrio psychrotolerans Sasi Jyothsna et al. 2008",20215,415242,"species","10-50",23215,"8.5-9.0",23215,NA,NA,NA,"anaerobe",8011,"chemoorganoheterotroph",23215,"GCA_013340305",415242.3,2995994360,66792,"49.3",8011
140298,"DSM 101677, MCCC 1A01868","Desulfurobacterium indicum","K6013","Desulfurobacterium indicum","Desulfurobacterium indicum Cao et al. 2017",20215,1914305,"species","65",43270,"5-8",43270,NA,NA,NA,"anaerobe",43270,"chemolithoautotroph",43270,"GCA_001968985",NA,2832468384,66792,"38.2",43270
4199,"DSM 16532, JCM 13383, VKM V-2316","Desulfurococcus amylolyticus","Z-1312","Desulfurococcus amylolyticus","Desulfurococcus amylolyticus Bonch-Osmolovskaya et al. 2001",20215,94694,"species","80",6471,"4.8-6.8",23225,NA,NA,NA,"anaerobe",6471,"chemoorganoheterotroph",23225,"GCA_000231015",768672.7,2513020047,66792,"42.5",6471
4200,"DSM 18924, JCM 16383, VKM B-2413","Desulfurococcus amylolyticus","1221n","Desulfurococcus amylolyticus","Desulfurococcus amylolyticus Bonch-Osmolovskaya et al. 2001",20215,94694,"species","82",7778,"5.5-7.5",23226,NA,NA,NA,"anaerobe",7778,"chemoorganoheterotroph",23226,"GCA_000020905",490899.14,643348540,66792,"44.4",7778
4238,"DSM 16958, JCM 12927","Desulfuromonas svalbardensis","112","Desulfuromonas svalbardensis","Desulfuromonas svalbardensis Vandieken et al. 2006",20215,304413,"species","15",6669,"6.5-7.5",23229,NA,NA,NA,"anaerobe",6669,"chemoorganotroph",23229,"",NA,NA,NA,"52.3",6669
4210,"DSM 16956, JCM 12926","Desulfuromusa ferrireducens","102","Desulfuromusa ferrireducens","Desulfuromusa ferrireducens Vandieken et al. 2006",20215,304417,"species","15",6667,"6.5-7.9",23229,NA,NA,NA,"anaerobe",6667,"chemoorganotroph",23229,"",NA,NA,NA,"52.3",6667
132452,"DSM 100305, JCM 30857","Dethiosulfatarculus sandiegensis","SPR","Dethiosulfatarculus sandiegensis","Dethiosulfatarculus sandiegensis Davidova et al. 2016",20215,1429043,"species","15-45",43713,"5.8-8",43713,NA,NA,NA,"obligate anaerobe",43713,"chemoorganotroph",43713,"GCA_000931935",1429043.4,2627853875,67770,"52.02",43713
140692,"NBRC 109595, InaCC B312","Dictyobacter aurantiacus","S-27","Dictyobacter aurantiacus","Dictyobacter aurantiacus Yabe et al. 2017",20215,1936993,"species","20-37",43461,"3.5-8.6",43461,NA,NA,NA,"aerobe",43461,"heterotroph",43461,"GCA_003967515",1936993.3,2840502759,66792,"55.7",43461
140917,"JCM 19990, VKM B-2854","Dissulfurimicrobium hydrothermale","Sh68","Dissulfurimicrobium hydrothermale","Dissulfurimicrobium hydrothermale Slobodkin et al. 2016",20215,1750598,"species","30-65",43784,"5.2-7.5",43784,NA,NA,NA,"anaerobe",43784,"chemoautolithotroph",43784,"GCA_022026155",1750598.3,8046654717,66792,"49",43784
132569,"DSM 100025, VKM B-2960","Dissulfurirhabdus thermomarina","SH388","Dissulfurirhabdus thermomarina","Dissulfurirhabdus thermomarina Slobodkina et al. 2016",20215,1765737,"species","25-58",43947,"5.0-7.0",43947,NA,NA,NA,"anaerobe",43947,"lithoautotroph",43947,"GCA_010499435",1765737.4,8062204097,66792,"64.6",24358
164191,"JCM 32096, BCRC 81069","Dongshaea marina","DM2","Dongshaea marina","Dongshaea marina Huang et al. 2019",20215,2047966,"species","30",67770,"5-9",67775,NA,NA,NA,"facultative anaerobe",67775,"chemoheterotroph",67775,"GCA_003072645",2047966.4,2786546686,66792,"51",67770
17719,"DSM 19836, KCTC 12368, KMM 6172, LMG 23350","Echinicola pacifica","","Echinicola pacifica","Echinicola pacifica Nedashkovskaya et al. 2006",20215,346377,"species","28",8343,"7",31738,NA,NA,NA,"facultative anaerobe",31738,"chemoorganotroph",28014,"GCA_000373245",1121859.3,2515154083,66792,"44-45",31738
133368,"MEBiC 08714, KCTC 52052, JCM 31307","Echinicola strongylocentroti","","Echinicola strongylocentroti","Echinicola strongylocentroti Jung et al. 2017",20215,1795355,"species","20.0-35.0",25221,"6.0-11.0",25221,NA,NA,NA,"aerobe",25221,"heterotroph",25221,"GCA_003260975",1795355.3,2887768817,67770,"44.2",67770
141132,"CGMCC 1.14997, KCTC 39588, EGI 80759","Egibacter rhizosphaerae","","Egibacter rhizosphaerae","Egibacter rhizosphaerae Zhang et al. 2016",20215,1670831,"species","25-50",44045,"7.0-11.0",44045,NA,NA,NA,"aerobe",44045,"chemoorganotroph",44045,"GCA_004322855",1670831.3,2837183177,124043,"72.1",44045
141116,"CGMCC 1.14988, KCTC 33612, EGI 80432, JCM 33036","Egicoccus halophilus","","Egicoccus halophilus","Egicoccus halophilus Zhang et al. 2016",20215,1670830,"species","20-40",44027,"6.0-10.0",44027,NA,NA,NA,"aerobe",44027,"chemoorganotroph",44027,"GCA_004300825",1670830.3,2837221967,67770,"75.2",67770
140464,"JCM 17961, ATCC BAA-1439","Endothiovibrio diazotrophicus","S-1","Endothiovibrio diazotrophicus","Endothiovibrio diazotrophicus Bazylinski et al. 2017",20215,913829,"species","28",43181,"5.2-8.0",43181,NA,NA,NA,"microaerophile",43181,"chemolithoautotroph",43181,"",NA,NA,NA,"67.6",43181
158621,"KCCM 90264, JCM 31644","Epidermidibacterium keratini","EPI-7","Epidermidibacterium keratini","Epidermidibacterium keratini Lee et al. 2018",20215,1891644,"species","15-35",65346,"5-8.5",65346,NA,NA,NA,"aerobe",65346,"chemoheterotroph",65346,"GCA_009834025",1891644.4,2883308892,66792,"68.9",67770
141117,"KCTC 42507, CGMCC 1.15111","Fabivirga thermotolerans","A4","Roseivirga thermotolerans","Roseivirga thermotolerans (Tang et al. 2016) García-López et al. 2020",20215,1758176,"species","25-50",44028,"6.0-9.0",44028,NA,NA,NA,"aerobe",44028,"chemoorganotroph",44028,"GCA_014653175",1758176.3,2995222267,66792,"40.3",44028
132681,"DSM 22923, JCM 16476","Falcatimonas natans","WN011","Falcatimonas natans","Falcatimonas natans Watanabe et al. 2016",20215,433279,"species","15-40",25038,"5.8-7.5",25038,NA,NA,NA,"anaerobe",25038,"chemoorganotroph",25038,"",NA,NA,NA,"38.8",24470
159721,"JCM 30584, NBRC 112974, ATCC TSD-51","Ferrigenium kumadai","An22","Ferrigenium kumadai","Ferrigenium kumadai Khalifa et al. 2018",20215,1682490,"species","12-37",66622,"5.2-6.8",66622,NA,NA,NA,"microaerophile",66622,"lithotroph",66622,"GCA_018324385",1682490.3,2927562029,66792,"61.4",66622
17820,"DSM 19380, JCM 18336, VKM B-2539","Fervidicoccus fontis","Kam940","Fervidicoccus fontis","Fervidicoccus fontis Perevalova et al. 2010",20215,683846,"species","80",8082,"4.5-7",29702,NA,NA,NA,"anaerobe",8082,"organotroph",26085,"GCA_000258425",1163730.6,2513237177,66792,"37",8082
17033,"DSM 5306, ATCC 35602","Fervidobacterium nodosum","Rt17-B1","Fervidobacterium nodosum","Fervidobacterium nodosum Patel et al. 1985",20215,2424,"species","70",1984,"6-8",43352,NA,NA,NA,"anaerobe",1984,"chemoorganotroph",43352,"GCA_000017545",381764.8,640753026,66792,"33.7",1984
133268,"JCM 18757, ATCC BAA-2483, ATCC AA-2483","Fervidobacterium thailandense","FC2004","Fervidobacterium thailandense","Fervidobacterium thailandense Kanoksilapatham et al. 2016",20215,1008305,"species","60.0-88.0",25124,"6.0-8.5",25124,NA,NA,NA,"obligate anaerobe",25124,"organotroph",25124,"GCA_041505935",NA,NA,124043,"45.8",25124
133340,"LMG 29572, VKM B-3045","Fimbriiglobus ruber","SP5","Fimbriiglobus ruber","Fimbriiglobus ruber Kulichevskaya et al. 2017",20215,1908690,"species","10.0-30.0",25181,"4.0-6.8",25181,NA,NA,NA,"aerobe",25181,"chemoheterotroph",25181,"GCA_002197845",1908690.6,2786546892,66792,"60.7",25181
140292,"DSM 100282, LMG 29416","Flaviaesturariibacter luteus","AW305","Flaviaestuariibacter luteus","Flaviaestuariibacter luteus corrig. Pascual et al. 2017",20215,1789691,"species","33-40",43231,"5.3-8.3",43231,NA,NA,NA,"aerobe",43231,"chemoorganoheterotroph",43231,"",NA,NA,NA,"57.6",42899
166438,"KACC 19592, NBRC 113424, IMCC 34759","Flavobacterium cheongpyeongense","","Flavobacterium cheongpyeongense","Flavobacterium cheongpyeongense Joung et al. 2019",20215,2212651,"species","10-30",67777,"7-8",67777,NA,NA,NA,"aerobe",67777,"chemoheterotroph",67777,"GCA_003202435",2212651.3,2938287341,67777,"34.1",67777
140676,"KCTC 42062, JCM 30338, CIP 111715","Flavobacterium fluminis","3R17","Flavobacterium fluminis","Flavobacterium fluminis Ahn et al. 2017",20215,1433257,"species","4-30",43440,"6-9",43440,NA,NA,NA,"aerobe",43440,"chemoorganotroph",43440,"",NA,NA,NA,"35.4",43440
166439,"KACC 19591, NBRC 113423, IMCC 34758","Flavobacterium hydrophilum","","Flavobacterium hydrophilum","Flavobacterium hydrophilum Joung et al. 2019",20215,2211445,"species","10-30",67777,"7-8",67777,NA,NA,NA,"aerobe",67777,"chemoheterotroph",67777,"GCA_003202405",2211445.3,2876983277,67777,"34",67777
140526,"KCTC 52245, JCM 31384, IMCC 26223","Flavobacterium soyangense","","Flavobacterium soyangense","Flavobacterium soyangense Nam et al. 2017",20215,2023265,"species","26",43300,"6-8",43300,NA,NA,NA,"aerobe",43300,"chemoheterotroph",43300,"",NA,NA,NA,"34.5",43300
133330,"BCRC 80926, LMG 29292, KCTC 33763","Flectobacillus fontis","MIB-4","Flectobacillus fontis","Flectobacillus fontis Chen et al. 2017",20215,1737445,"species","15.0-30.0",25183,"7.0-8.0",25183,NA,NA,NA,"aerobe",25183,"chemoheterotroph",25183,"",NA,NA,NA,"37.6",25183
140919,"JCM 30897, CGMCC 1.5202, TC 1","Flexilinea flocculi","","Flexilinea flocculi","Flexilinea flocculi Sun et al. 2016",20215,1678840,"species","25-43",43788,"6-8.5",43788,NA,NA,NA,"obligate anaerobe",43788,"chemoorganotroph",43788,"",NA,NA,NA,"42.1",67770
133320,"BCRC 80690, LMG 27847, KCTC 32501, DSM 109231","Formosimonas limnophila","AHQ-12","Formosimonas limnophila","Formosimonas limnophila Chen et al. 2017",20215,1384487,"species","10.0-37.0",25149,"5.0-9.0",25149,NA,NA,NA,"aerobe",25149,"chemolithotroph",25149,"GCA_014652675",1384487.3,2923739291,66792,"50.4",64838
131722,"DSM 45986, CECT 9034","Frankia alni","ACN14a, ULQ010201401","Frankia alni","Frankia alni (Woronin 1866) Von Tubeuf 1895 (Approved Lists 1980)",20215,1859,"species","28",23518,"6.3-6.8",25097,NA,NA,NA,"aerobe",25097,"heterotroph",25097,"GCA_000058485",326424.15,637000115,66792,"72.8",25097
141096,"DSM 100626, CECT 9040, NRRL B-16386","Frankia asymbiotica","M16386","Frankia asymbiotica","Frankia asymbiotica Nouioui et al. 2017",20215,1834516,"species","28",64973,"6.3-6.8",44005,NA,NA,NA,"aerobe",44005,"heterotroph",44005,"GCA_001983105",NA,2773857921,124043,"72",44005
131723,"DSM 45818, CECT 9043","Frankia casuarinae","Ccl3, HFP020203, HFPCcl3","Frankia casuarinae","Frankia casuarinae Nouioui et al. 2016",20215,106370,"species","28",25097,"6.3-6.8",25097,NA,NA,NA,"aerobe",25097,"heterotroph",25097,"",NA,NA,NA,"70.1",25097
133112,"CECT 9032, DSM 100624","Frankia coriariae","BMG5.1","Frankia coriariae","Frankia coriariae Nouioui et al. 2017",20215,1562887,"species","25-30",25292,"7.0-9.5",25292,NA,NA,NA,"aerobe",25292,"chemoorganotroph",25292,"GCA_001017755",NA,2700989114,66792,"70.2",64846
131724,"DSM 46783, CECT 9031","Frankia elaeagni","BMG5.12","Frankia elaeagni","Frankia elaeagni Nouioui et al. 2016",20215,222534,"species","28",25097,"6.3-6.8",25097,NA,NA,NA,"aerobe",25097,"heterotroph",25097,"GCA_000374165",222534.3,2517093007,66792,"71.7",25097
158372,"DSM 45899, CECT 9038","Frankia irregularis","G2","Frankia irregularis","Frankia irregularis Nouioui et al. 2018",20215,795642,"species","28",65048,"6.3-6.8",66647,NA,NA,NA,"aerobe",66647,"chemoorganotroph",66647,"GCA_001536285",1747450.3,2634166352,66792,"70.90",66647
166983,"CECT 9407, VKM B-3467","Frigoriglobus tundricola","PL17","Frigoriglobus tundricola","Frigoriglobus tundricola Kulichevskaya et al. 2021",20215,2774151,"species","4-28",69637,"4.2-6.8",69637,NA,NA,NA,"obligate aerobe",69637,"chemoorganotroph",69637,"GCA_013128195",2774151.4,2999849193,66792,"67.4",69637
141097,"KCTC 52666, NBRC 112695","Frondibacter mangrovi","02OK1/10-76","Frondibacter mangrovi","Frondibacter mangrovi Yoon et al. 2017",20215,1968282,"species","10-37",44006,"5.5-9.5",44006,NA,NA,NA,"obligate aerobe",44006,"chemoheterotroph",44006,"",NA,NA,NA,"35",44006
1452,"DSM 15726, LMG 23069, VKM B-2301","Geobacillus jurassicus","DS1, R-35651","Geobacillus jurassicus","Geobacillus jurassicus Nazina et al. 2005",20215,235932,"species","55",6084,"5.0-9.0",23042,NA,NA,NA,"aerobe",23042,"chemoorganotroph",23042,"",NA,NA,NA,"54.5",6084
1437,"DSM 7263, ATCC 8005, NCIMB 8547, NRRL NRS-81, CCUG 28890, CIP 106929, LMG 9819, NCCB 30003, JCM 20319, BCRC 11223, IAM 11001, NBRC 102445","Geobacillus kaustophilus","BD 53, T 281, NRS-81","Geobacillus kaustophilus","Geobacillus kaustophilus (Priest et al. 1989 ex Prickett 1928) Nazina et al. 2001",20215,1462,"species","55",3082,"6.0-8.5",23044,NA,NA,NA,"aerobe",49445,"chemoorganotroph",23044,"GCA_005160065",1220595.8,2843255297,66792,"",NA
1450,"DSM 15325","Geobacillus lituanicus","N-3","Geobacillus lituanicus","Geobacillus lituanicus Kuisiene et al. 2004",20215,169283,"species","55",5846,"6.5",23036,NA,NA,NA,"aerobe",23036,"chemoorganotroph",23036,"GCA_002243605",169283.5,2758568037,66792,"52.5",5846
166233,"VKM B-3132, KCTC 33986","Geobacillus proteiniphilus","1017","Geobacillus proteiniphilus","Geobacillus proteiniphilus Semenova et al. 2019",20215,860353,"species","40-68",67979,"5.8-8.0",67979,NA,NA,NA,"aerobe",67979,"chemoorganotroph",67979,"GCA_001908025",NA,2858576625,67979,"51.8",67979
1419,"DSM 22, ATCC 12980, CCM 2062, CCUG 26241, IAM 11062, LMG 6939, NBRC 12550, NCIMB 8923, NCTC 10339, VKM B-2231, IFO 12550, NCA 26, JCM 2501, BCRC 11092, CIP 66.23, KCTC 1665, KCTC 1752, NCFB 1768, NRRL B-1172, VKM B-510, VTT E-81128, UCCCB118, NCDO 1768","Geobacillus stearothermophilus","R-35646, 26","Geobacillus stearothermophilus","Geobacillus stearothermophilus (Donk 1920) Nazina et al. 2001",20215,1422,"species","60",22918,"9",22918,NA,NA,NA,"facultative anaerobe",123299,"chemoorganotroph",23042,"GCA_001277805",1366047.4,2654587565,67770,"52.8",2023
1773,"DSM 17458, CCTCC AB 204065, KCTC 19029, NBRC 103883, YIM 004, JCM 15130","Georgenia ruanii","","Georgenia ruanii","Georgenia ruanii Li et al. 2007",20215,348442,"species","28",19749,"6.5",23157,NA,NA,NA,"aerobe",67771,"chemoorganotroph",23157,"GCA_039530665",NA,NA,124043,"72.9",6997
133133,"CCOS 955, CIP 111027, NBRC 111234, NCCP 16210, JCM 31934, NCTC 13704","Gordonia hongkongensis","HKU50","Gordonia hongkongensis","Gordonia hongkongensis Tsang et al. 2016",20215,1701090,"species","37",24904,"7.5",24904,NA,NA,NA,"aerobe",24904,"chemoorganoheterotroph",24904,"GCA_023078355",1701090.6,NA,66792,"67",24904
2537,"DSM 604, ATCC 7906, IMG 1642, KCTC 5404","Gottschalkia acidurici","9a","Gottschalkia acidurici","Gottschalkia acidurici (Liebert 1909) Poehlein et al. 2017",20215,1556,"species","37",316,"7.6-8.1",43456,NA,NA,NA,"anaerobe",316,"chemoorganotroph",43456,"GCA_000299355",1128398.3,2517487003,66792,"27.8",316
2650,"DSM 1384, ATCC 33906, WA 1","Gottschalkia purinilytica","","Clostridium purinilyticum","Clostridium purinilyticum corrig. Dürre et al. 1981",20215,1503,"species","35",759,"7.3-7.8",43456,NA,NA,NA,"anaerobe",759,"chemoorganotroph",43456,"GCA_001190785",1503.6,2645727973,66792,"29.0",759
1459,"DSM 11125, NCFB 3027, CIP 105095","Gracilibacillus dipsosauri","DD1","Gracilibacillus dipsosauri","Gracilibacillus dipsosauri (Lawson et al. 1996) Wainø et al. 1999",20215,178340,"species","30",4217,"6",118943,NA,NA,NA,"obligate aerobe",118943,"chemoorganotroph",23041,"GCA_003176895",178340.4,NA,66792,"39.4",4217
1460,"DSM 11805, JCM 10718, ATCC 700849","Gracilibacillus halotolerans","NN","Gracilibacillus halotolerans","Gracilibacillus halotolerans Wainø et al. 1999",20215,74386,"species","30",4494,"5.0-10.0",23041,NA,NA,NA,"obligate aerobe",23041,"chemoorganotroph",23041,"GCA_014206945",74386.3,2829726240,66792,"38",23041
24046,"DSM 17595, CGMCC 1.15422","Gramella forsetii","KT0803","Christiangramia forsetii","Christiangramia forsetii (Panschin et al. 2017) Deshmukh and Oren 2023",20215,411153,"species","25",21083,"7.5",25239,NA,NA,NA,"obligate aerobe",25239,"chemoorganotroph",25239,"GCA_000060345",411154.11,639633025,66792,"36.6",25239
138,"DSM 22516, LMG 25274, VKM B-2571","Granulicella aggregans","TPB6028","Granulicella aggregans","Granulicella aggregans Pankratov and Dedysh 2010",20215,474949,"species","20",16375,"3.0-7.5",22971,NA,NA,NA,"obligate aerobe",22971,"chemoorganotroph",22971,"GCA_025685565",474949.4,8047302957,66792,"59.3",16375
139,"DSM 22464, LMG 25275","Granulicella paludicola","OB1010","Granulicella paludicola","Granulicella paludicola Pankratov and Dedysh 2010",20215,474951,"species","20",16353,"3.0-7.5",22971,NA,NA,NA,"obligate aerobe",22971,"chemoorganotroph",22971,"GCA_025685545",474951.3,8047863164,66792,"57.4",16353
137,"DSM 21001, VKM B-2509","Granulicella pectinivorans","TPB6011","Granulicella pectinivorans","Granulicella pectinivorans Pankratov and Dedysh 2010",20215,474950,"species","20",9077,"3.0-7.5",22971,NA,NA,NA,"obligate aerobe",22971,"chemoorganotroph",22971,"GCA_900114625",474950.3,2687453730,66792,"59.1",9077
136,"DSM 18704, ATCC BAA-1396, TPO 1014","Granulicella rosea","T4, TPO-1014","Granulicella rosea","Granulicella rosea Pankratov and Dedysh 2010",20215,474952,"species","20",7665,"3.0-7.5",22971,NA,NA,NA,"obligate aerobe",22971,"chemoorganotroph",22971,"GCA_900188085",474952.3,2681813547,66792,"58.3",7665
158483,"DSM 104461, VKM B-3276","Granulicella sibirica","AF10","Granulicella sibirica","Granulicella sibirica Oshkin et al. 2019",20215,2479048,"species","25",65159,"3.5-7",67845,NA,NA,NA,"aerobe",67845,"chemoorganotroph",67845,"GCA_004115155",2479048.3,2880944282,67845,"59.8",67845
141135,"NBRC 110517, InaCC Ar2","Haloarchaeobius baliensis","2b_61_3","Haloarchaeobius baliensis","Haloarchaeobius baliensis Mori et al. 2016",20215,1670458,"species","20-48",44051,"5.5-9.0",44051,NA,NA,NA,"aerobe",44051,"chemoheterotroph",44051,"",NA,NA,NA,"67.2",44051
130201,"DSM 25866, CGMCC 1.12153","Halobacillus andaensis","NEAU-ST10-40","Halobacillus andaensis","Halobacillus andaensis Wang et al. 2015",20215,1176239,"species","4.0-60.0",22994,"7.0-9.0",22994,NA,NA,NA,"obligate aerobe",22994,"chemoorganotroph",22994,"GCA_017874135",1176239.4,2913453739,66792,"39.3",21602
1343,"DSM 10405, CIP 104798","Halobacillus litoralis","SL-4","Halobacillus litoralis","Halobacillus litoralis Spring et al. 1996",20215,45668,"species","30",3932,"6.0-9.5",22983,NA,NA,NA,"obligate aerobe",22983,"chemoorganotroph",22983,"GCA_009856445",45668.7,8002335811,66792,"42",22983
1342,"DSM 10404, CIP 104797","Halobacillus trueperi","SL-5","Halobacillus trueperi","Halobacillus trueperi Spring et al. 1996",20215,156205,"species","30",3931,"6.0-9.5",22983,NA,NA,NA,"obligate aerobe",22983,"chemoorganotroph",22983,"GCA_003386945",156205.9,2837540175,66792,"43",22983
133412,"KCTC 42259, MCCC 1H00120, CICC 23817","Halofilum ochraceum","XJ16","Halofilum ochraceum","Halofilum ochraceum Xia et al. 2017",20215,1611323,"species","20-45",25265,"6.5-9.5",25265,NA,NA,NA,"facultative anaerobe",25265,"chemoheterotroph",25265,"GCA_001614315",1611323.5,2744054781,66792,"65.9",25265
132386,"DSM 103556, CCTCC AB 2013104, JCM 19210, KCTC 15321","Haloimpatiens lingqiaonensis","ZC-CMC3","Haloimpatiens lingqiaonensis","Haloimpatiens lingqiaonensis Wu et al. 2016",20215,1380675,"species","25-48",43790,"5.5-8",43790,NA,NA,NA,"anaerobe",43790,"chemoorganotroph",43790,"GCA_044502415",NA,NA,124043,"30",24175
158800,"KCTC 52999, MCCC 1K03343","Halomonas endophytica","MC28","Halomonas endophytica","Halomonas endophytica Chen et al. 2018",20215,2033802,"species","10-45",65561,"6.0-9.0",65561,NA,NA,NA,"aerobe",65561,"chemoorganotroph",65561,"GCA_002879615",2033802.3,2859108715,66792,"64.1",65561
166135,"MTCC 12313, LMG 30344, SBS 10","Halomonas sambharensis","","Halomonas sambharensis","Halomonas sambharensis Kushwaha et al. 2020",20215,2697581,"species","15-60",68069,"6.0-12.0",68069,NA,NA,NA,"aerobe",68069,"chemoorganotroph",68069,"GCA_003973725",376427.7,NA,68069,"63.6",68069
140835,"CGMCC 1.14998, JCM 30891, Dys DYS4","Haloparvum sedimenti","","Haloparvum sedimenti","Haloparvum sedimenti Chen et al. 2016",20215,1678448,"species","25-50",43638,"6.5-8.5",43638,NA,NA,NA,"aerobe",43638,"chemoorganotroph",43638,"GCA_001462205",1678448.3,2681813379,67770,"68.2",67770
133308,"JCM 19565, CGMCC 1.14959","Haloprofundus marisrubri","SB9","Haloprofundus marisrubri","Haloprofundus marisrubri Zhang et al. 2017",20215,1514971,"species","15-45",25151,"5.5-9.5",25151,NA,NA,NA,"aerobe",25151,"heterotroph",25151,"GCA_001469955",1514971.4,2690315683,67770,"62.53",25151
141136,"CECT 8745, IBRC-M 10233","Halorubrum halodurans","CB Cb34","Halorubrum halodurans","Halorubrum halodurans Corral et al. 2016",20215,1383851,"species","20-45",44052,"6.0-8.0",44052,NA,NA,NA,"obligate aerobe",44052,"chemoorganotroph",44052,"",NA,NA,NA,"62.1",44052
140993,"LMG 29152, CCUG 67844, MCS 27","Henriciella algicola","","Henriciella algicola","Henriciella algicola Abraham et al. 2017",20215,1608422,"species","10-40",43879,"6.0-9.0",43879,NA,NA,NA,"aerobe",43879,"chemoorganotroph",43879,"GCA_003576245",1608422.3,2832873813,66792,"55",43879
140992,"LMG 28705, CCUG 66934, MCS 23","Henriciella barbarensis","","Henriciella barbarensis","Henriciella barbarensis Abraham et al. 2017",20215,86342,"species","15-40",43879,"6.0-9.0",43879,NA,NA,NA,"aerobe",43879,"chemoorganotroph",43879,"GCA_003576345",86342.3,2831698200,66792,"57",43879
11933,"DSM 15072, CIP 109407, UNIQEM U 221","Hydrogenovibrio halophilus","HL 5","Hydrogenovibrio halophilus","Hydrogenovibrio halophilus (Sorokin et al. 2006) Boden et al. 2017",20215,373391,"species","30",5696,"7.5-7.8",43182,NA,NA,NA,"microaerophile",5696,"chemolithoautotroph",43182,"GCA_000384235",1123516.3,2517572244,66792,"54.9",43182
140889,"LMG 27293, KCTC 32237, KCTC 52533","Hymenobacter paludis","KBP-30","Hymenobacter paludis","Hymenobacter paludis Chen et al. 2016",20215,1244895,"species","10-37",43719,"6-8",43719,NA,NA,NA,"aerobe",43719,"chemoheterotroph",43719,"",NA,NA,NA,"60.3",43719
140468,"MCCC 1K03222, KCTC 52487","Hyphobacterium vulgare","WM6","Hyphobacterium vulgare","Hyphobacterium vulgare Sun et al. 2017",20215,1736751,"species","30",43188,"6.5-9.0",43188,NA,NA,NA,"aerobe",43188,"chemoorganotroph",43188,"GCA_042643335",NA,NA,124043,"59.8",43188
141120,"BCRC 80524, KCTC 32238","Ideonella paludis","KBP-31","Ideonella paludis","Ideonella paludis Sheu et al. 2016",20215,1233411,"species","10-37",44032,"6.0-8.0",44032,NA,NA,NA,"obligate aerobe",44032,"chemoorganotroph",44032,"GCA_018069865",1233411.3,2995082067,66792,"67.9",44032
4191,"DSM 18386, JCM 14125","Ignicoccus hospitalis","KIN4/1, KIN4/I","Ignicoccus hospitalis","Ignicoccus hospitalis Paper et al. 2007",20215,160233,"species","90",7367,"4.5-7.0",23220,NA,NA,NA,"anaerobe",7367,"chemolithoautotroph",23220,"GCA_000017945",453591.15,640753029,66792,"56",7367
4189,"DSM 13165, ATCC 700957, Kol 8","Ignicoccus islandicus","","Ignicoccus islandicus","Ignicoccus islandicus Huber et al. 2000",20215,54259,"species","90",4955,"3.8-6.5",23219,NA,NA,NA,"anaerobe",4955,"chemolithoautotroph",23219,"GCA_001481685",940295.6,NA,66792,"41",4955
4190,"DSM 13166, ATCC 700958","Ignicoccus pacificus","LPC 33","Ignicoccus pacificus","Ignicoccus pacificus Huber and Stetter 2000",20215,114376,"species","90",4956,"4.5-7.0",23219,NA,NA,NA,"anaerobe",4956,"chemolithoautotroph",23219,"GCA_025340205",940294.5,NA,66792,"45",4956
4192,"DSM 17230, JCM 13409","Ignisphaera aggregans","AQ1.S1, TG 866","Ignisphaera aggregans","Ignisphaera aggregans Niederberger et al. 2006",20215,334771,"species","92",6827,"5.4-7.0",23221,NA,NA,NA,"anaerobe",6827,"heterotroph",23221,"GCA_000145985",583356.9,648028035,66792,"52.9",6827
133093,"DSM 103040, ATCC TSD-58","Immundisolibacter cernigliae","TR3.2","Immundisolibacter cernigliae","Immundisolibacter cernigliae Corteselli et al. 2017",20215,1810504,"species","20-36",25270,"6.5-8.0",25270,NA,NA,NA,"aerobe",25270,"heterotroph",25270,"GCA_001697225",NA,2775507249,66792,"67.79",25270
166144,"BCRC 81120, LMG 30595, KCTC 62511","Inhella crocodyli","CCP-18","Inhella crocodyli","Inhella crocodyli Chen et al. 2019",20215,2499851,"species","20-37",68147,"5.5-9",68147,NA,NA,NA,"aerobe",68147,"chemoheterotroph",68147,"GCA_004004565",2499851.4,2881021045,68147,"68.9",68147
132414,"DSM 100275, VKM B-2962","Inmirania thermothiophila","S2479","Inmirania thermothiophila","Inmirania thermothiophila Slobodkina et al. 2016",20215,1750597,"species","35-68",43793,"5.5-8.8",43793,NA,NA,NA,"facultative anaerobe",43793,"chemolithoautotroph",43793,"GCA_003751635",1750597.3,2788499858,66792,"71.5",24203
133277,"JCM 17843, LMG 28660","Iodidimonas muriae","C-3","Iodidimonas muriae","Iodidimonas muriae Iino et al. 2016",20215,261467,"species","30",25125,"7.5",25125,NA,NA,NA,"aerobe",25125,"chemoorganotroph",25125,"GCA_014647255",261467.5,8063438809,66792,"58.5",25125
133266,"KCTC 33662, LMG 28756","Jeotgalibacillus alkaliphilus","JC303","Jeotgalibacillus alkaliphilus","Jeotgalibacillus alkaliphilus Srinivas et al. 2016",20215,1671556,"species","25.0-45.0",25079,"9.0-12.0",25079,NA,NA,NA,"aerobe",25079,"organoheterotroph",25079,"",NA,NA,NA,"43",25079
140549,"KCTC 42186, JCM 30386","Kiloniella antarctica","soj2014","Kiloniella antarctica","Kiloniella antarctica Si et al. 2017",20215,1550907,"species","25",43338,"5.5-9.5",43338,NA,NA,NA,"microaerophile",43338,"chemoheterotroph",43338,"GCA_042682825",NA,NA,124043,"45.5",43338
17649,"DSM 44963","Ktedonobacter racemifer","SOSP1-21","Ktedonobacter racemifer","Ktedonobacter racemifer corrig. Cavaletti et al. 2007",20215,363277,"species","28",12216,"4.8-6.8",43418,NA,NA,NA,"aerobe",43418,"heterotroph",43418,"GCA_000178855",485913.1,648276680,66792,"53.9",12216
164274,"JCM 32481, KCTC 15662","Labilibaculum euxinus","A4","Labilibaculum euxinus","Labilibaculum euxinus Yadav et al. 2020",20215,2686357,"species","28",67770,"6.5-9",69631,NA,NA,NA,"facultative anaerobe",69631,"chemoorganoheterotroph",69631,"GCA_009795715",2686357.3,NA,67770,"36.2",67770
133188,"KCTC 23036, KMM 6381","Lacinutrix cladophorae","7Alg 4","Lacinutrix cladophorae","Lacinutrix cladophorae Nedashkovskaya et al. 2016",20215,1778903,"species","4.0-32.0",24984,"7.5",24984,NA,NA,NA,"obligate aerobe",24984,"chemoheterotroph",24984,"",NA,NA,NA,"31.9",24984
140891,"CCTCC AB 2015204, KCTC 42729","Leeuwenhoekiella nanhaiensis","G18","Leeuwenhoekiella nanhaiensis","Leeuwenhoekiella nanhaiensis Liu et al. 2016",20215,1655491,"species","4-40",43723,"6-8",43723,NA,NA,NA,"aerobe",43723,"heterotroph",43723,"",NA,2775506714,66792,"35",43723
14046,"DSM 23179, ATCC 23123, NBRC 102661, NCIMB 12855","Lewinella cohaerens","II-2","Lewinella cohaerens","Lewinella cohaerens (Lewin 1970) Sly et al. 1998",20215,70995,"species","25",16553,"5",28558,NA,NA,NA,"aerobe",28558,"chemoorganotroph",28558,"GCA_000379805",1122176.3,2515154030,66792,"45.0",16553
166128,"KCTC 72077, VKM B-3277","Lichenibacterium minor","RmlP026","Lichenibacterium minus","Lichenibacterium minus corrig. Pankratov et al. 2020",20215,2316528,"species","10-30",68335,"3.5-8",68335,NA,NA,NA,"aerobe",68335,"chemoorganotroph",68335,"GCA_004137685",2316528.3,2882620940,68335,"70.5",68335
164516,"JCM 33311, KCCM 43293, PAMC 29148","Lichenihabitans psoromatis","","Lichenihabitans psoromatis","Lichenihabitans psoromatis Noh et al. 2019",20215,2528642,"species","15",67770,"5.5-7.0",68043,NA,NA,NA,"facultative anaerobe",68043,"chemoheterotroph",68043,"GCA_004323635",2528642.3,2873554119,68043,"63.1",67770
2055,"DSM 13612, CIP 107302, LMG 19593","Limnobacter thiooxidans","CS-K2","Limnobacter thiooxidans","Limnobacter thiooxidans Spring et al. 2001",20215,131080,"species","28",5113,"5.5-10.5",23161,NA,NA,NA,"obligate aerobe",23161,"chemolithoautotroph",23161,"",NA,2786546107,66792,"55",5113
140500,"KCTC 52045, MCCC 1H00132","Longibacter salinarum","WDS2C18","Longibacter salinarum","Longibacter salinarum Xia et al. 2016",20215,1850348,"species","40",43119,"6.5-8.5",43119,NA,NA,NA,"facultative anaerobe",43119,"heterotroph",43119,"GCA_002554795",1850348.3,2788499893,66792,"58.1",43119
132517,"DSM 29007, CECT 8660","Longimicrobium terrae","CB-286315","Longimicrobium terrae","Longimicrobium terrae Pascual et al. 2016",20215,1639882,"species","10-33",43651,"6-9",43651,NA,NA,NA,"aerobe",43651,"chemoorganoheterotroph",43651,"GCA_013000925",1639882.4,NA,66792,"67",43651
140771,"JCM 31343, UNIQEM U1010","Longimonas haloalkaliphila","BSker3","Longimonas haloalkaliphila","Longimonas haloalkaliphila Sorokin et al. 2017",20215,1807135,"species","48",43549,"7.6-9.3",43549,NA,NA,NA,"obligate aerobe",43549,"organoheterotroph",43549,"",NA,NA,NA,"58.2",43549
140275,"DSM 100886, KCTC 52215","Luteitalea pratensis","HEG_-6_39","Luteitalea pratensis","Luteitalea pratensis Vieira et al. 2017",20215,1855912,"species","20-30",43190,"5.3-8.3",43190,NA,NA,NA,"aerobe",43190,"chemoorganotroph",43190,"GCA_001618865",1855912.4,2687453111,66792,"64.7",43190
140773,"CECT 8659, DSM 28998","Luteolibacter gellanilyticus","CB-286403","Luteolibacter gellanilyticus","Luteolibacter gellanilyticus Pascual et al. 2017",20215,1639998,"species","4-33",43551,"6-9",43551,NA,NA,NA,"aerobe",43551,"chemoorganoheterotroph",43551,"",NA,NA,NA,"",NA
140510,"KCTC 42911, MCCC 1K01154","Lutimaribacter marinistellae","SF-12","Lutimaribacter marinistellae","Lutimaribacter marinistellae Zhang et al. 2016",20215,1820329,"species","30",43167,"6.5-8.5",43167,NA,NA,NA,"facultative anaerobe",43167,"heterotroph",43167,"GCA_042648365",NA,NA,124043,"61",43167
157768,"DSM 104734, LMG 30011","Lysobacter silvestris","AM20-91","Lysobacter silvestris","Lysobacter silvestris Margesin et al. 2018",20215,1645665,"species","25",64340,"6-7",65560,NA,NA,NA,"obligate aerobe",65560,"chemoorganotroph",65560,"GCA_002895945",1645665.3,2834284710,66792,"63.35",65560
132529,"DSM 28995, VKM B-2936","Magnetospirillum caucaseum","SO-1","Magnetospirillum caucaseum","Magnetospirillum caucaseum Dziuba et al. 2016",20215,1244869,"species","18-42",43653,"6.5-6.8",43653,NA,NA,NA,"microaerophile",43653,"chemoorganoheterotroph",43653,"GCA_000342045",1244869.3,2534681903,66792,"65.9",43653
166531,"VKM B-3270, KCTC 15749","Magnetospirillum kuznetsovii","LBB-42","Magnetospirillum kuznetsovii","Magnetospirillum kuznetsovii Koziaeva et al. 2019",20215,2053833,"species","22-33",67948,"5.75-8.0",67948,NA,NA,NA,"microaerophile",67948,"chemoorganoheterotroph",67948,"GCA_003284725",2053833.3,2838797410,67948,"63.4",67948
140894,"ATCC BAA-2617, CICC 10859","Marinagarivorans algicola","Z1","Marinagarivorans algicola","Marinagarivorans algicola Guo et al. 2016",20215,1513270,"species","10-33",43726,"6.5-8.5",43726,NA,NA,NA,"facultative anaerobe",43726,"heterotroph",43726,"GCA_001292705",1513270.5,2788499911,66792,"45.1",43726
140461,"LMG 29748, DSM 26290","Mariniblastus fucicola","FC18","Mariniblastus fucicola","Mariniblastus fucicola Lage et al. 2017",20215,980251,"species","25",43193,"6.5-8.5",43193,NA,NA,NA,"aerobe",43193,"chemoheterotroph",43193,"GCA_001642875",980251.4,2675903475,66792,"54.2",66478
159708,"KCTC 42953, MCCC 1H00149","Marinicella sediminis","F2","Marinicella sediminis","Marinicella sediminis Wang et al. 2018",20215,1792834,"species","33",66592,"6.5-9",66592,NA,NA,NA,"aerobe",66592,"heterotroph",66592,"GCA_042646525",NA,NA,124043,"48.1",66592
133197,"KCTC 42591, MCCC 1H00113","Marinifilum albidiflavum","FB208","Marinifilum albidiflavum","Marinifilum albidiflavum Xu et al. 2016",20215,1844052,"species","33",24995,"6.5-9.0",24995,NA,NA,NA,"facultative anaerobe",24995,"chemoorganotroph",24995,"",NA,NA,NA,"43.8",24995
132988,"DSM 101478, CGMCC 1.15462","Marinirhabdus gelatinilytica","NH83","Marinirhabdus gelatinilytica","Marinirhabdus gelatinilytica Wu et al. 2016",20215,1703343,"species","30",43097,"6.5-7.5",43097,NA,NA,NA,"aerobe",43097,"chemoheterotroph",43097,"GCA_003353425",1703343.6,2756170273,66792,"41",43097
140293,"DSM 102940, JCM 31103","Marinisporobacter balticus","59.4M","Marinisporobacter balticus","Marinisporobacter balticus Vandieken et al. 2017",20215,2018667,"species","25",43225,"6.6-7.7",43225,NA,NA,NA,"facultative anaerobe",43225,"heterotroph",43225,"GCA_004345705",2018667.3,2795385446,67770,"42.9",43225
133030,"DSM 29778, JCM 30566","Marinitoga arctica","2PyrY55-1","Marinitoga arctica","Marinitoga arctica Steinsbu et al. 2016",20215,1862713,"species","45.0-70.0",25114,"5.0-7.5",25114,NA,NA,NA,"anaerobe",25114,"heterotroph",25114,"",NA,NA,NA,"27",24818
133387,"KCTC 52409, MCCC 1K03210, CDA 4","Maripseudobacter aurantiacus","","Maribacter aurantiacus","Maribacter aurantiacus (Chen et al. 2017) Khan et al. 2020",20215,1882343,"species","15-40",25285,"6.0-8.0",25285,NA,NA,NA,"obligate aerobe",25285,"heterotroph",25285,"GCA_005780245",1882343.4,2886535277,67771,"38.3",25285
140775,"KCTC 15554, DSM 103365","Marispirochaeta aestuarii","JC444","Marispirochaeta aestuarii","Marispirochaeta aestuarii Shivani et al. 2017",20215,1963862,"species","15-42",43553,"6.5-8.6",43553,NA,NA,NA,"obligate anaerobe",43553,"chemoorganoheterotroph",43553,"GCA_002087085",1963862.18,2881371823,67771,"53.6",43553
133165,"KACC 17175, NBRC 109440","Martelella suaedae","YC7033","Martelella suaedae","Martelella suaedae Chung et al. 2016",20215,1647648,"species","10.0-40.0",24940,"5.0-10.0",24940,NA,NA,NA,"aerobe",24940,"heterotroph",24940,"",NA,NA,NA,"52.8",24940
24801,"DSM 23840, JCM 17771, VKM B-2668","Melioribacter roseus","P3M-2","Melioribacter roseus","Melioribacter roseus Podosokorskaya et al. 2013",20215,1134405,"species","47",21273,"6-8.7",43396,NA,NA,NA,"facultative anaerobe",43396,"organotroph",43396,"GCA_000279145",1191523.3,2517093030,66792,"41.3",21273
140896,"CGMCC 1.13179, JCM 18886","Membranicola marinus","CZ-AZ5","Membranihabitans marinus","Membranihabitans marinus (Li et al. 2016) Deshmukh and Oren 2022",20215,1227546,"species","20-40",43729,"6-8.5",43729,NA,NA,NA,"obligate aerobe",43729,"heterotroph",43729,"GCA_021729155",1227546.8,8046629151,66792,"40.1",67770
5617,"DSM 19841, KCTC 12708, KMM 6059, LMG 23670","Mesonia mobilis","","Mesonia mobilis","Mesonia mobilis Nedashkovskaya et al. 2006",20215,369791,"species","28",8127,"6-9.5",43393,NA,NA,NA,"obligate aerobe",43393,"chemoorganotroph",43393,"GCA_042434415",NA,NA,124043,"36.1",8127
140544,"CECT 9168, LMG 29734","Mesorhizobium helmanticense","CSLC115","Mesorhizobium helmanticense","Mesorhizobium helmanticense Marcos-García et al. 2017",20215,1776423,"species","28",43332,"5-9",43332,NA,NA,NA,"aerobe",43332,"chemoorganotroph",43332,"",NA,NA,NA,"62.7",43332
160492,"DSM 108854, JCM 32768, UBOCC M-3308","Methanohalophilus profundi","SLHTYRO, SLHTYROT","Methanohalophilus profundi","Methanohalophilus profundi L'Haridon et al. 2021",20215,2138083,"species","30",67400,"6.5-8.2",69627,NA,NA,NA,"anaerobe",69627,"methylotroph",69627,"GCA_004137855",2138083.3,8065841578,67770,"42.7",67400
158342,"DSM 28684, NBRC 110805, UNIQEM U982","Methanonatronarchaeum thermophilum","AMET1","Methanonatronarchaeum thermophilum","Methanonatronarchaeum thermophilum Sorokin et al. 2018",20215,1927129,"species","50",65018,"8.2-10.2",66576,NA,NA,NA,"obligate anaerobe",66576,"heterotroph",66576,"GCA_002153915",1927129.3,2786546529,66792,"38.00",66576
132429,"DSM 100822, JCM 30921","Methanosarcina flavescens","E03.2","Methanosarcina flavescens","Methanosarcina flavescens Kern et al. 2016",20215,1715806,"species","20-55",43730,"5-8.5",43730,NA,NA,NA,"obligate anaerobe",43730,"autotroph",43730,"GCA_001304615",1715806.8,2651869834,67770,"41.3",24218
133349,"VKM B-3037, JCM 31401, CCUG 68999","Methylobacillus methanolivorans","Z","Methylobacillus methanolivorans","Methylobacillus methanolivorans Kaparullina et al. 2017",20215,1848927,"species","10.0-40.0",25194,"6.0-8.0",25194,NA,NA,NA,"obligate aerobe",25194,"methylotroph",25194,"",NA,NA,NA,"51",67770
159850,"KACC 19662, JCM 32670","Methylobacterium currus","PR1016A","Methylobacterium currus","Methylobacterium currus Park et al. 2018",20215,2051553,"species","30",66754,"7",66754,NA,NA,NA,"aerobe",66754,"methylotroph",66754,"GCA_003058325",2051553.8,2841517901,66792,"70.2",66754
166104,"KCTC 52908, NBRC 112876","Methylobacterium durans","17SD2-17","Methylobacterium durans","Methylobacterium durans Kim et al. 2020",20215,2202825,"species","18-37",67902,"6.0-9.0",67902,NA,NA,NA,"aerobe",67902,"methylotroph",67902,"GCA_003173715",2202825.3,2987478803,68075,"68.7",68075
158776,"KACC 19280, JCM 32048","Methylobacterium frigidaeris","IER25-16","Methylobacterium frigidaeris","Methylobacterium frigidaeris Lee and Jeon 2018",20215,2038277,"species","10-40",65530,"4.0-7.0",65530,NA,NA,NA,"obligate aerobe",65530,"methylotroph",65530,"GCA_022179185",2038277.4,8111878996,66792,"70",65530
166276,"BCRC 81157, LMG 30931, KCTC 62864","Methylobacterium oryzihabitans","TER-1","Methylobacterium oryzihabitans","Methylobacterium oryzihabitans Chen et al. 2019",20215,2499852,"species","15-35",68041,"5.0-8.0",68041,NA,NA,NA,"aerobe",68041,"chemoheterotroph",68041,"GCA_004004555",2499852.6,2885228736,68041,"71.9",68041
166308,"CGMCC 1.17323, NBRC 114056, YIM 132548","Methylobacterium planium","","Methylobacterium planeticum","Methylobacterium planeticum corrig. Jiang et al. 2023",20215,2615211,"species","15-30",68282,"6-9",68282,NA,NA,NA,"aerobe",68282,"methanotroph",68282,"GCA_008806345",2615211.3,2902355876,68282,"70.2",68282
164450,"JCM 33059, KCTC 62267","Methylobacterium segetis","17J42-1","Methylobacterium segetis","Methylobacterium segetis Ten et al. 2020",20215,2488750,"species","25",67770,"5-9",68265,NA,NA,NA,"aerobe",68265,"methylotroph",68265,"GCA_004348265",2488750.6,NA,68265,"70.2",68265
158679,"LMG 29185, VKM B-2986","Methyloterricola oryzae","73a","Methyloterricola oryzae","Methyloterricola oryzae Frindte et al. 2017",20215,1495050,"species","15-45",65411,"7-7.5",65411,NA,NA,NA,"aerobe",65411,"methanotroph",65411,"GCA_000934725",1495050.5,2582581277,66792,"61",65411
166243,"LMG 30755, CECT 9656","Micromonospora acroterricola","5R2A7","Micromonospora acroterricola","Micromonospora acroterricola Carro et al. 2019",20215,2202421,"species","20-37",68030,"6.0-9.0",68030,NA,NA,NA,"aerobe",68030,"chemoorganotroph",68030,"GCA_003172955",2202421.3,2858875884,68030,"72.3",68030
158770,"CECT 9370, DSM 105362","Micromonospora luteiviridis","SGB14","Micromonospora luteiviridis","Micromonospora luteiviridis Carro et al. 2018",20215,709896,"species","4-45",65525,"5.5-9",65525,NA,NA,NA,"aerobe",65525,"chemoorganotroph",65525,"",NA,NA,NA,"71.3",65525
132607,"DSM 101694, CECT 9020, GUI 43","Micromonospora noduli","","Micromonospora noduli","Micromonospora noduli Carro et al. 2016",20215,709876,"species","28",43106,"7-9",43106,NA,NA,NA,"aerobe",43106,"chemoorganotroph",43106,"GCA_003264365",709876.6,2869068681,124043,"71.3",43106
158771,"CECT 9369, DSM 105363, SG 15","Micromonospora phytophila","","Micromonospora phytophila","Micromonospora phytophila Carro et al. 2018",20215,709888,"species","12-45",65525,"7-9",65525,NA,NA,NA,"aerobe",65525,"chemoorganotroph",65525,"GCA_023656545",709888.3,8055412473,66792,"72.4",65525
132606,"DSM 101692, CECT 9022, GUI 23","Micromonospora ureilytica","","Micromonospora ureilytica","Micromonospora ureilytica Carro et al. 2016",20215,709868,"species","28",43106,"7-8",43106,NA,NA,NA,"aerobe",43106,"chemoorganotroph",43106,"GCA_015751765",709868.3,2880489317,66792,"70.7",43106
132608,"DSM 101695, CECT 9019, GUI 63","Micromonospora vinacea","","Micromonospora vinacea","Micromonospora vinacea Carro et al. 2016",20215,709878,"species","28",43106,"7-9",43106,NA,NA,NA,"aerobe",43106,"chemoorganotroph",43106,"GCA_015751785",709878.3,2880495981,66792,"70.2",43106
14134,"DSM 18603, ATCC BAA-1394, VKM B-2446","Mucilaginibacter paludis","TPT56","Mucilaginibacter paludis","Mucilaginibacter paludis Pankratov et al. 2007",20215,423351,"species","25",7617,"4.2-8.2",32192,NA,NA,NA,"facultative aerobe",32192,"heterotroph",28434,"GCA_000166195",714943.3,2506520020,66792,"46.1",7617
140514,"KCTC 12641, LMG 23495, Gsoil 032","Mucilaginibacter pocheonensis","","Mucilaginibacter pocheonensis","Mucilaginibacter pocheonensis Zhao et al. 2016",20215,398050,"species","45",43093,"5.0-10.0",43093,NA,NA,NA,"aerobe",43093,"heterotroph",43093,"",NA,NA,NA,"44.4",43093
133020,"DSM 102309, LMG 29427","Nakamurella silvestris","S20-107","Nakamurella silvestris","Nakamurella silvestris França et al. 2016",20215,1645681,"species","0.0-30.0",25063,"6.0-9.0",25063,NA,NA,NA,"aerobe",25063,"chemoorganotroph",25063,"GCA_003576535",1645681.3,2833868136,66792,"69.1-71.9",25063
140700,"JCM 31341, UNIQUEM U1008, UNIQEM U1008","Natronospira proteinivora","BSker1","Natronospira proteinivora","Natronospira proteinivora Sorokin et al. 2017",20215,1807133,"species","45",43470,"8.5-10.25",43470,NA,NA,NA,"obligate aerobe",43470,"organoheterotroph",43470,"GCA_024170465",1807133.3,2926676806,66792,"60.1",43470
140782,"JCM 31342, UNIQEM U1009","Natronotalea proteinilytica","BSker2","Natronotalea proteinilytica","Natronotalea proteinilytica Sorokin et al. 2017",20215,1807134,"species","46",43549,"8.2-10.2",43549,NA,NA,NA,"obligate aerobe",43549,"organoheterotroph",43549,"",NA,NA,NA,"55.9",43549
159828,"JCM 31640, KCTC 4249","Nitrosarchaeum koreense","MY1","Nitrosarchaeum koreense","Candidatus Nitrosarchaeum koreense corrig. Kim et al. 2011",20215,1088740,"species","25",66656,"7",66656,NA,NA,NA,"aerobe",66656,"chemolithotroph",66656,"GCA_000220175",1001994.6,651324076,67771,"32.7",67771
141102,"ATCC TSD-97, NCIMB 15022, SCM 1","Nitrosopumilus maritimus","","Nitrosopumilus maritimus","Nitrosopumilus maritimus Qin et al. 2017",20215,338192,"species","15-35",44010,"6.8-8.1",44010,NA,NA,NA,"aerobe",44010,"chemoautolithotroph",44010,"GCA_000018465",436308.17,641228499,44010,"34.2",44010
157981,"DSM 46763, JCM 30082, CFH S0054","Nocardia yunnanensis","","Nocardia yunnanensis","Nocardia yunnanensis Zhang et al. 2019",20215,2382165,"species","28",64554,"5.0-8.0",68022,NA,NA,NA,"aerobe",68022,"heterotroph",68022,"GCA_003626895",2382165.3,2841679753,67770,"68.4",64554
159855,"BCRC 80537, KCTC 32422","Novosphingobium arvoryzae","Jyi-02","Novosphingobium arvoryzae","Novosphingobium arvoryzae Sheu et al. 2018",20215,1256514,"species","20",66557,"7",66557,NA,NA,NA,"aerobe",66557,"chemoheterotroph",66557,"GCA_014652615",1256514.3,2996104059,66792,"64.80",66557
133280,"BCRC 80925, LMG 29291, KCTC 42984","Novosphingobium bradum","STM-24","Novosphingobium bradum","Novosphingobium bradum Sheu et al. 2016",20215,1737444,"species","15.0-30.0",25119,"5.0-9.0",25119,NA,NA,NA,"aerobe",25119,"chemoheterotroph",25119,"GCA_042646485",NA,NA,124043,"69.1",25119
140931,"LMG 27385, KCTC 32255","Novosphingobium colocasiae","Teta.03","Novosphingobium colocasiae","Novosphingobium colocasiae Chen et al. 2016",20215,1256513,"species","10-37",43808,"3-9",43808,NA,NA,NA,"aerobe",43808,"chemoheterotroph",43808,"GCA_014652555",1256513.3,2996100336,66792,"65",43808
140948,"LMG 29290, KCTC 42983, BCRC 80924","Novosphingobium fontis","STM-14","Novosphingobium fontis","Novosphingobium fontis Sheu et al. 2017",20215,1737443,"species","15-37",43841,"5.0-9.0",43841,NA,NA,NA,"aerobe",43841,"chemoheterotroph",43841,"",NA,NA,NA,"66.6",43841
140737,"BCRC 80904, LMG 28838, KCTC 42656","Novosphingobium ipomoeae","Tese-5","Novosphingobium ipomoeae","Novosphingobium ipomoeae Chen et al. 2017",20215,1610495,"species","15-35",43516,"5.5-7",43516,NA,NA,NA,"aerobe",43516,"chemoheterotroph",43516,"",NA,NA,NA,"65.7",43516
140899,"BCRC 80888, LMG 28418, KCTC 42194","Novosphingobium piscinae","SLH-16","Novosphingobium piscinae","Novosphingobium piscinae Sheu et al. 2016",20215,1507448,"species","20-40",43736,"4-9",43736,NA,NA,NA,"aerobe",43736,"chemoheterotroph",43736,"GCA_042649005",NA,NA,124043,"65.2",43736
132351,"DSM 25168, LMG 26948","Occallatibacter riparius","277","Occallatibacter riparius","Occallatibacter riparius Foesel et al. 2016",20215,1002689,"species","11-40",44065,"3.5-8.5",44065,NA,NA,NA,"obligate aerobe",44065,"chemoorganotroph",44065,"GCA_025264625",1002689.3,8047753082,66792,"59.6",24140
132353,"DSM 25170, LMG 26946","Occallatibacter savannae","A2-1c","Occallatibacter savannae","Occallatibacter savannae Foesel et al. 2016",20215,1002691,"species","11-40",44065,"3.5-6.5",44065,NA,NA,NA,"obligate aerobe",44065,"chemoorganotroph",44065,"",NA,NA,NA,"58.5",24142
14319,"DSM 2029, ATCC 27000","Oceanispirochaeta litoralis","R1","Oceanispirochaeta litoralis","Oceanispirochaeta litoralis (Canale-Parola 1980 ex Hespell and Canale-Parola 1970) Subhash and Lee 2017",20215,151,"species","30",962,"6.5-9",43495,NA,NA,NA,"anaerobe",962,"chemolithoautotroph",43496,"",NA,NA,NA,"49.6",43496
140412,"DSM 104770, KCTC 15593, KEMB 3001-381","Oceanispirochaeta sediminicola","SY2","Oceanispirochaeta sediminicola","Oceanispirochaeta sediminicola Subhash and Lee 2017",20215,1969108,"species","10-40",43495,"6.3-8.8",43495,NA,NA,NA,"obligate anaerobe",43495,"chemoorganoheterotroph",43495,"",NA,NA,NA,"53.5",43019
159703,"ATCC BAA-2697, DSM 29249","Oleiharenicola alkalitolerans","NVT","Oleiharenicola alkalitolerans","Oleiharenicola alkalitolerans Rochman et al. 2018",20215,2100748,"species","15-40",66550,"5.5-11",66550,NA,NA,NA,"aerobe",66550,"chemoorganoheterotroph",66550,"",NA,NA,NA,"66.1",66550
140788,"LMG 28427, CECT 8927, CCUG 62476","Oryzisolibacter propanilivorax","EPL6","Oryzisolibacter propanilivorax","Oryzisolibacter propanilivorax Vaz-Moreira et al. 2017",20215,1527607,"species","15-37",43566,"6-9",43566,NA,NA,NA,"aerobe",43566,"chemoorganotroph",43566,"GCA_900103645",1527607.4,2671180222,66792,"69.4",43566
12496,"DSM 17365, JCM 13257, CCUG 53888, WB 4","Paludibacter propionicigenes","","Paludibacter propionicigenes","Paludibacter propionicigenes Ueki et al. 2006",20215,185300,"species","30",6835,"5-7.6",31612,NA,NA,NA,"anaerobe",6835,"chemoorganotroph",27900,"GCA_000183135",694427.4,649633080,67770,"39.3",31612
132033,"DSM 102817, CCUG 68698","Paludifilum halophilum","SMBg3","Paludifilum halophilum","Paludifilum halophilum Frikha-Dammak et al. 2016",20215,1642702,"species","40.0-45.0",25075,"8.0-9.0",25075,NA,NA,NA,"aerobe",25075,"chemoorganotroph",25075,"GCA_002245355",1642702.3,2802429553,66792,"51.2",23824
132417,"DSM 28747, VKM B-2904","Paludisphaera borealis","PX4","Paludisphaera borealis","Paludisphaera borealis Kulichevskaya et al. 2016",20215,1387353,"species","6-30",43814,"3.5-6.5",43814,NA,NA,NA,"aerobe",43814,"chemoorganotroph",43814,"GCA_001956985",1387353.3,2751185664,66792,"66",43814
2061,"DSM 25325, KACC 12757, LMG 24779, CIP 110207","Pandoraea thiooxydans","ATSB16","Pandoraea thiooxydans","Pandoraea thiooxydans Anandham et al. 2010",20215,445709,"species","30",18000,"4.0-10.0",23162,NA,NA,NA,"aerobe",23162,"chemolithoautotroph",23162,"GCA_001931675",445709.9,2721755763,66792,"64.0",18000
13692,"DSM 14782, NCAIM B02025, CCUG 54624, CIP 107962","Pannonibacter phragmitetus","C6/19","Pannonibacter phragmitetus","Pannonibacter phragmitetus Borsodi et al. 2003",20215,121719,"species","28",5536,"7-11",43385,NA,NA,NA,"facultative anaerobe",43385,"chemoorganotroph",43385,"GCA_000382365",1122929.3,2521172637,66792,"64.6",5536
13690,"DSM 14780, NCAIM B02027","Pannonibacter phragmitetus","C6/8","Pannonibacter phragmitetus","Pannonibacter phragmitetus Borsodi et al. 2003",20215,121719,"species","28",5534,"7-11",43385,NA,NA,NA,"facultative anaerobe",43385,"chemoorganotroph",43385,"",NA,NA,NA,"",NA
13691,"DSM 14781, NCAIM B02026","Pannonibacter phragmitetus","C6/17","Pannonibacter phragmitetus","Pannonibacter phragmitetus Borsodi et al. 2003",20215,121719,"species","28",5535,"7-11",43385,NA,NA,NA,"facultative anaerobe",43385,"chemoorganotroph",43385,"",NA,NA,NA,"",NA
140901,"KCTC 15476, LMG 28745","Paraclostridium benzoelyticum","JC272","Paraclostridium benzoelyticum","Paraclostridium benzoelyticum Sasi Jyothsna et al. 2016",20215,1629550,"species","25-40",43740,"6-8",43740,NA,NA,NA,"obligate anaerobe",43740,"chemoorganoheterotroph",43740,"GCA_001006285",NA,2767802767,67771,"28.3",43740
159700,"BCRC 80974, LMG 29554, KCTC 52239","Paracoccus fontiphilus","MVW-1","Paracoccus fontiphilus","Paracoccus fontiphilus Sheu et al. 2018",20215,1815556,"species","15-30",66563,"6-7",66563,NA,NA,NA,"aerobe",66563,"chemoheterotroph",66563,"GCA_017356265",1815556.3,2996049574,66792,"63.4",66563
140973,"BCRC 80920, LMG 29172, KCTC 42899","Paracoccus mangrovi","gyp-1","Paracoccus mangrovi","Paracoccus mangrovi Chen et al. 2017",20215,1715645,"species","15-37",43865,"5.5-7.0",43865,NA,NA,NA,"aerobe",43865,"chemoheterotroph",43865,"GCA_042648425",NA,NA,124043,"64.6",43865
170899,"KCTC 15845, MCCC 1K04559","Paradesulfovibrio onnuriensis","IOR2","Salidesulfovibrio onnuriiensis","Salidesulfovibrio onnuriiensis (Kim et al. 2020) Park et al. 2022",20215,2583823,"species","23-42",69614,"5.0-8.0",69614,NA,NA,NA,"anaerobe",69614,"chemoorganotroph",69614,"GCA_008001235",2583823.3,2887959607,69614,"60.5",69614
1438,"DSM 9572, LMG 23032","Parageobacillus thermantarcticus","M1, R-35644","Parageobacillus thermantarcticus","Parageobacillus thermantarcticus (Nicolaus et al. 2002) Aliyu et al. 2019",20215,186116,"species","55",3640,"5.5-9.0",23042,NA,NA,NA,"obligate aerobe",23042,"chemoorganotroph",23042,"GCA_900111865",186116.3,2654588109,66792,"53.7",3640
1385,"DSM 17857, CGMCC 1.6333","Paraliobacillus quinghaiensis","YIM-C158","Paraliobacillus quinghaiensis","Paraliobacillus quinghaiensis Chen et al. 2009",20215,470815,"species","30",7143,"6.0-10.0",23016,NA,NA,NA,"obligate aerobe",23016,"chemoorganoheterotroph",23016,"GCA_003426025",470815.3,2832713448,66792,"39.5",7143
132374,"DSM 25205, LMG 26950","Parviterribacter kavangonensis","D16/0/H6","Parviterribacter kavangonensis","Parviterribacter kavangonensis Foesel et al. 2016",20215,1640865,"species","13-43",43815,"4.5-8.5",43815,NA,NA,NA,"obligate aerobe",43815,"chemoorganotroph",43815,"",NA,NA,NA,"72.8",43815
132375,"DSM 25204, LMG 26949","Parviterribacter multiflagellatus","A22/0/F9_1","Parviterribacter multiflagellatus","Parviterribacter multiflagellatus Foesel et al. 2016",20215,1640866,"species","17-43",43815,"5-9.5",43815,NA,NA,NA,"obligate aerobe",43815,"chemoorganotroph",43815,"",NA,NA,NA,"74",43815
140540,"KCTC 42519, CICC 24092, DSM 109232","Paucibacter oligotrophus","CHU3","Roseateles oligotrophus","Roseateles oligotrophus (Pheng et al. 2017) Liu et al. 2023",20215,1769250,"species","30",43327,"6-9",43327,NA,NA,NA,"aerobe",43327,"heterotroph",43327,"GCA_025717515",1769250.12,8047343360,66792,"62.5",64860
132356,"DSM 29958, LMG 28678","Paucilactobacillus wasatchensis","WDC04","Paucilactobacillus wasatchensis","Paucilactobacillus wasatchensis (Oberg et al. 2016) Zheng et al. 2020",20215,1335616,"species","6-37",44055,"4.0-7.0",44055,NA,NA,NA,"facultative anaerobe",44055,"chemoorganotroph",44055,"GCA_000876205",NA,2627854259,66792,"39.8",44055
166206,"KACC 19595, NBRC 113420, IMCC 34151","Pelagibacterium sediminicola","","Pelagibacterium sediminicola","Pelagibacterium sediminicola Jang et al. 2019",20215,2248761,"species","4-42",68150,"6-9",68150,NA,NA,NA,"aerobe",68150,"chemoheterotroph",68150,"GCA_003390885",2248761.3,2882563395,68150,"62.6",68150
164712,"JCM 34026, UBOCG M-3359, UBOCC M-3359","Persephonella atlantica","MO1340","Persephonella atlantica","Persephonella atlantica François et al. 2025",20215,2699429,"species","70",67770,"5.3-7.0",69646,NA,NA,NA,"microaerophile",69646,"chemolithoautotroph",69646,"GCA_016617615",2699429.3,8001594746,67770,"37.1",67770
2339,"DSM 1986, ATCC 35973, NCIB 12055, CIP 103305, LMG 6165, NCIMB 12055","Phenylobacterium immobile","E","Phenylobacterium immobile","Phenylobacterium immobile Lingens et al. 1985",20215,21,"species","28",943,"6.8-7.0",23073,NA,NA,NA,"aerobe",23073,"chemoorganotroph",23073,"GCA_001375595",31967.4,2690315804,66792,"65.5",943
158583,"CNCTC 5729, ATCC 27989","Phytobacter ursingii","","Phytobacter ursingii","Phytobacter ursingii Pillonetto et al. 2018",20215,1972431,"species","5-40",65294,"4-10",65294,NA,NA,NA,"facultative anaerobe",65294,"chemoorganotroph",65294,"GCA_901456055",1972431.3,NA,66792,"52.92",65294
141082,"CGMCC 1.12924, KCTC 42675","Planktosalinus lacus","X14M-14","Planktosalinus lacus","Planktosalinus lacus Zhong et al. 2016",20215,1526573,"species","4-35",43981,"6.5-10.0",43981,NA,NA,NA,"aerobe",43981,"heterotroph",43981,"GCA_014640155",1526573.3,2994264912,66792,"36.6",43981
133341,"DSM 103077, JCM 31475, SEBR 4223","Pleomorphochaeta caudata","KU714929","Pleomorphochaeta caudata","Pleomorphochaeta caudata Arroua et al. 2017",20215,1806370,"species","37",25202,"7",25202,NA,NA,NA,"obligate anaerobe",25202,"chemoorganotroph",25202,"",NA,NA,NA,"28.7",64142
158357,"DSM 104684, JCM 31871, SEBR 4209","Pleomorphochaeta naphthae","","Pleomorphochaeta naphthae","Pleomorphochaeta naphthae Arroua et al. 2018",20215,1895020,"species","37",65033,"4.7-8.5",66757,NA,NA,NA,"anaerobe",66757,"chemoorganotroph",66757,"",NA,NA,NA,"29.6",65033
158689,"KCTC 52773, KMM 6729","Polaribacter staleyi","10Alg 139","Polaribacter staleyi","Polaribacter staleyi Nedashkovskaya et al. 2018",20215,2022337,"species","4-34",65426,"5.5-10",65426,NA,NA,NA,"facultative anaerobe",65426,"heterotroph",65426,"GCA_038024045",NA,NA,124043,"31.8",65426
2983,"DSM 17735, CIP 109586, NRRL B-41369, KCTC 42857","Polaromonas hydrogenivorans","DQ094183","Polaromonas hydrogenivorans","Polaromonas hydrogenivorans Sizova and Panikov 2007",20215,335476,"species","10",6927,"6.0-7.0",23089,NA,NA,NA,"aerobe",23089,"chemolithotroph",23089,"GCA_040105105",NA,NA,124043,"62.5",6927
2982,"DSM 15660, ATCC BAA-779, CCUG 51246","Polaromonas naphthalenivorans","CJ2","Polaromonas naphthalenivorans","Polaromonas naphthalenivorans Jeon et al. 2004",20215,216465,"species","20",6017,"7.0-7.5",23088,NA,NA,NA,"aerobe",23088,"chemoorganotroph",23088,"GCA_000015505",365044.2,639633051,66792,"61.5",6017
132412,"DSM 100161, KCTC 42944, MCC 2777, NKM 1","Pontibacter ummariensis","","Pontibacter ummariensis","Pontibacter ummariensis Mahato et al. 2016",20215,1610492,"species","25-45",44034,"8.0-9.0",44034,NA,NA,NA,"aerobe",44034,"heterotroph",44034,"GCA_003002015",1610492.4,2728369279,66792,"58.6",44034
133007,"DSM 100231, KCTC 42941, MCC 2932","Pontibacter virosus","W14","Pontibacter virosus","Pontibacter virosus Kohli et al. 2016",20215,1765052,"species","28",24987,"7",24987,NA,NA,NA,"aerobe",24987,"heterotroph",24987,"GCA_003096355",1765052.3,2756170242,66792,"51.3",24987
140699,"CCOS 1042, CIP 111189","Pseudoalteromonas piratica","OCN003","Pseudoalteromonas piratica","Pseudoalteromonas piratica Beurmann et al. 2017",20215,1348114,"species","14-39",43469,"5.5-10",43469,NA,NA,NA,"obligate aerobe",43469,"heterotroph",43469,"GCA_000788395",1348114.3,2639762812,66792,"40",43469
140414,"DSM 101509, JCM 31063","Pseudodesulfovibrio senegalensis","BLaC1","Pseudodesulfovibrio senegalensis","Pseudodesulfovibrio senegalensis (Thioye et al. 2017) Galushko and Kuever 2021",20215,1721087,"species","15-45",43904,"7.5",43904,NA,NA,NA,"anaerobe",43904,"heterotroph",43904,"GCA_008830225",1721087.3,2899427287,67770,"55.8",43021
133214,"LMG 29678, CCM 8698, DSM 103461, CIP 111103","Pseudoduganella danionis","E3/2","Duganella danionis","Duganella danionis (Kämpfer et al. 2016) Lu et al. 2020",20215,1890295,"species","20-30",25016,"5",25016,NA,NA,NA,"aerobe",25016,"chemoorganotroph",25016,"GCA_042432425",NA,NA,124043,"",NA
159090,"DSM 103618, NCCB 100645","Pseudogemmobacter bohemicus","cd10, Cd-10","Pseudogemmobacter bohemicus","Pseudogemmobacter bohemicus Suman et al. 2019",20215,2250708,"species","28",65913,"7-8",68144,NA,NA,NA,"aerobe",68144,"chemoorganotroph",68144,"GCA_003290025",2250708.3,2886545291,68144,"63.2",68144
166168,"CGMCC 1.13874, NBRC 113853","Pseudomonas nitrititolerans","GL14","Stutzerimonas nitrititolerans","Stutzerimonas nitrititolerans (Peng et al. 2019) Gomila et al. 2022",20215,2482751,"species","4-42",67987,"6.0-11.0",67987,NA,NA,NA,"facultative anaerobe",67987,"chemoorganotroph",67987,"GCA_003696285",2482751.3,8034948846,67987,"63.1",67987
133281,"JCM 31058, LMG 29157, CIP 111450","Psychrobacter pocilloporae","S6-60","Psychrobacter pocilloporae","Psychrobacter pocilloporae Zachariah et al. 2016",20215,1775882,"species","4.0-37.0",25112,"6.5-10.0",25112,NA,NA,NA,"aerobe",25112,"heterotroph",25112,"",NA,NA,NA,"47.7",25112
141092,"CGMCC 1.12925, JCM 30615","Psychroflexus salis","X15M-6","Psychroflexus salis","Psychroflexus salis Zhong et al. 2016",20215,1526574,"species","10-35",43998,"6.5-10.0",43998,NA,NA,NA,"aerobe",43998,"heterotroph",43998,"GCA_014640175",1526574.3,2995329808,66792,"32.8",43998
158682,"KCTC 52743, CICC 24249","Psychrosphaera aquimarina","SW33","Psychrosphaera aquimarina","Psychrosphaera aquimarina Pheng et al. 2017",20215,2044854,"species","10-30",65418,"6-9",65418,NA,NA,NA,"aerobe",65418,"chemoheterotroph",65418,"GCA_032461525",2044854.3,NA,124043,"38.3",65418
140291,"DSM 103086, ATCC TSD-56","Pyrobaculum igneiluti","521","Pyrobaculum igneiluti","Pyrobaculum igneiluti Lee et al. 2017",20215,1806371,"species","90",43269,"4-8",43269,NA,NA,NA,"obligate anaerobe",43269,"autotroph",43269,"",NA,NA,NA,"",NA
132610,"DSM 28599, ATCC BAA-2559","Pyrodictium delaneyi","Su06","Pyrodictium delaneyi","Pyrodictium delaneyi Lin et al. 2016",20215,1273541,"species","82-97",43115,"5.0-9.0",43115,NA,NA,NA,"obligate anaerobe",43115,"autotroph",43115,"GCA_001412615",1273541.6,2773858058,66792,"53.9",43115
133077,"DSM 103165, NCCB 100606, MSR MSr11462, MSR 11462","Racemicystis persica","37","Racemicystis persica","Racemicystis persica Moradi et al. 2017",20215,1885912,"species","",25205,"5.0-6.0",25205,NA,NA,NA,"aerobe",25205,"chemoheterotroph",25205,"",NA,NA,NA,"",NA
158700,"CECT 9012, LMG 29233","Raineya orbicola","SPSPC-11","Raineya orbicola","Raineya orbicola Albuquerque et al. 2018",20215,2016530,"species","35-60",65439,"7.5-8.0",65439,NA,NA,NA,"aerobe",65439,"organotroph",65439,"GCA_002843425",2016530.3,2786546755,66792,"39.2",65439
133021,"DSM 100494, ATCC TSD-18, JCM 30886","Raineyella antarctica","LZ-22","Raineyella antarctica","Raineyella antarctica Pikuta et al. 2016",20215,1577474,"species","3-41",25047,"4.0-9.0",25047,NA,NA,NA,"facultative anaerobe",25047,"chemoorganoheterotroph",25047,"GCA_900092135",1577474.6,2651870304,67770,"70.22",25047
140272,"DSM 100378, JCM 30982","Rectinema cohabitans","HM","Rectinema cohabitans","Rectinema cohabitans Koelschbach et al. 2017",20215,1652145,"species","37",43207,"5-7",43207,NA,NA,NA,"anaerobe",43207,"chemoorganoheterotroph",43207,"",NA,NA,NA,"51.5",43207
159888,"CCTCC AB 2017179, GDMCC 1.1257, KCTC 62194","Rhizobium wuzhouense","W44","Rhizobium wuzhouense","Rhizobium wuzhouense Yuan et al. 2018",20215,1986026,"species","30",66652,"7",66652,NA,NA,NA,"aerobe",66652,"chemoheterotroph",66652,"GCA_003205195",1986026.4,8005246636,66792,"62.40",66652
140725,"KCTC 15475, LMG 28748","Rhodobacter azollae","JA912","Rhodobacter azollae","Rhodobacter azollae Suresh et al. 2017",20215,1608946,"species","25-35",43503,"6-8",43503,NA,NA,NA,"microaerophile",67771,"photoorganoheterotroph",43503,"",NA,NA,NA,"64.6",43503
1801,"DSM 16996, VKM B-2361","Rhodoblastus sphagnicola","RS","Rhodoblastus sphagnicola","Rhodoblastus sphagnicola Kulichevskaya et al. 2006",20215,333368,"species","20",6680,"5.2-5.5",23326,NA,NA,NA,"anaerobe",6680,"photoheterotroph",23326,"GCA_002937075",333368.4,2831675700,66792,"62.6",6680
133122,"MCCC 1H00131, KCTC 52046, JCM 31413","Rhodohalobacter halophilus","JZ3C29","Rhodohalobacter halophilus","Rhodohalobacter halophilus Xia et al. 2017",20215,1812810,"species","20-50",25304,"7.5-8.5",25304,NA,NA,NA,"facultative anaerobe",25304,"heterotroph",25304,"GCA_001715195",NA,2751185588,67770,"44.4",25304
166393,"DSM 102266, LMG 29467, CECT 9847, VKM B-3435","Rhodopirellula heiligendammensis","Poly21","Rhodopirellula heiligendammensis","Rhodopirellula heiligendammensis Kallscheuer et al. 2021",20215,2714739,"species","10-33",68339,"5.5-9",68339,NA,NA,NA,"aerobe",68339,"chemoheterotroph",68339,"GCA_007860105",2528014.3,3000118485,68339,"56.5",68339
166395,"DSM 109595, LMG 29699, VKM B-3451","Rhodopirellula solitaria","CA85","Rhodopirellula solitaria","Rhodopirellula solitaria Kallscheuer et al. 2021",20215,2527987,"species","10-33",68339,"6-8.5",68339,NA,NA,NA,"aerobe",68339,"chemoheterotroph",68339,"GCA_007859855",2527987.3,2894112556,68339,"58",68339
158540,"KCTC 15603, NBRC 112816","Rhodoplanes azumiensis","TUT3581","Rhodoplanes azumiensis","Rhodoplanes azumiensis Hiraishi 2017",20215,1897628,"species","25-46",65231,"5.5-8.5",65231,NA,NA,NA,"microaerophile",67771,"diazotroph",65231,"GCA_042682915",NA,NA,124043,"70.4",65231
1825,"DSM 9987, ATCC 49414, NBRC 104267","Rhodoplanes tepidamans","TUT3520","Rhodoplanes tepidamans","Rhodoplanes tepidamans Hiraishi and Okamura 2017",20215,200616,"species","40",43202,"6.4-8.5",43202,NA,NA,NA,"anaerobe",3768,"copiotroph|diazotroph",43202,"GCA_030813915",200616.6,2926575101,124043,"68.8-69",43202
158541,"KCTC 15602, NBRC 112815","Rhodoplanes tepidicaeni","TUT3542","Rhodoplanes tepidicaeni","Rhodoplanes tepidicaeni Hiraishi 2017",20215,1897629,"species","25-45",65231,"5.5-9",65231,NA,NA,NA,"microaerophile",67771,"diazotroph",65231,"",NA,NA,NA,"67.7",65231
158529,"LMG 29031, KCTC 15485","Rhodovulum aestuarii","JA924","Rhodovulum aestuarii","Rhodovulum aestuarii Divyasree et al. 2016",20215,1671555,"species","25-35",65206,"6-10",65206,NA,NA,NA,"anaerobe",67771,"photoheterotroph",65206,"",NA,NA,NA,"63.92-64.08",65206
5636,"DSM 15991, HTCC 2501, KCTC 12146","Robiginitalea biformata","","Robiginitalea biformata","Robiginitalea biformata Cho and Giovannoni 2004",20215,252307,"species","30",6225,"6.0-9.0",30171,NA,NA,NA,"aerobe",30171,"chemoheterotroph",26520,"",NA,NA,NA,"56.4",30171
167420,"KCCM 90339, NBRC 114190","Roseibacterium persicicum","KMU-115","Roseicyclus persicicus","Roseicyclus persicicus (Yoon 2020) Zhou et al. 2024",20215,2650661,"species","10-45",69663,"6-9.5",69663,NA,NA,NA,"obligate aerobe",69663,"chemoorganoheterotroph",69663,"GCA_012395815",2650661.3,2889453512,66792,"70.8",69663
2416,"DSM 13941, JCM 11240, NBRC 100045","Roseiflexus castenholzii","HLO8","Roseiflexus castenholzii","Roseiflexus castenholzii Hanada et al. 2002",20215,120962,"species","48",5192,"7.5-8.0",23075,NA,NA,NA,"anaerobe",5192,"chemoheterotroph",23075,"GCA_000017805",383372.6,640753047,66792,"62.4",5192
158703,"LMG 29977, DSM 104292","Roseisolibacter agri","AW1220","Roseisolibacter agri","Roseisolibacter agri Pascual et al. 2018",20215,2014610,"species","15-36",65443,"7.0-7.5",65443,NA,NA,NA,"aerobe",65443,"chemoorganotroph",65443,"",NA,NA,NA,"73.3",65443
133159,"KEMB 563-468, JCM 31177","Roseomonas rubra","S5","Teichococcus ruber","Teichococcus ruber (Subhash et al. 2016) Liu and Xin 2025",20215,1783359,"species","12-45",24934,"6.3-9.0",24934,NA,NA,NA,"aerobe",24934,"chemoorganoheterotroph",24934,"",NA,NA,NA,"73.5",24934
167641,"BCRC 81155, KCTC 62866, LMG 30930","Rubrivivax albus","ICH-3","Rubrivivax albus","Rubrivivax albus Sheu et al. 2020",20215,2499835,"species","25.0-37.0",69524,"6.0-8.5",69524,NA,NA,NA,"obligate aerobe",125439,"chemoheterotroph",69524,"GCA_004016515",2499835.7,NA,66792,"70.3",69524
135100,"CIP 108403, CECT 5091, LMG 29896","Ruegeria denitrificans","5OM10","Ruegeria denitrificans","Ruegeria denitrificans Arahal et al. 2018",20215,1715692,"species","25",33961,"7",66611,NA,NA,NA,"aerobe",66611,"chemoorganotroph",66611,"GCA_001458295",1715692.3,2713896969,66792,"56.70",66611
133023,"DSM 29854, NCAIM B.02614","Rufibacter quisquiliarum","CAI-18b","Rufibacter ruber","Rufibacter ruber Kýrová et al. 2016",20215,1549639,"species","4-45",25111,"7.0-11.0",25111,NA,NA,NA,"aerobe",25111,"heterotroph",25111,"GCA_042434255",NA,NA,124043,"50.7",24811
133073,"DSM 103039, ATCC TSD-59","Rugosibacter aromaticivorans","Ca6","Rugosibacter aromaticivorans","Rugosibacter aromaticivorans Corteselli et al. 2017",20215,1565605,"species","20.0-35.0",25209,"6.5-7.5",25209,NA,NA,NA,"aerobe",25209,"heterotroph",25209,"GCA_000934545",1565605.5,2593339110,66792,"55.14",25209
470,"DSM 17024, ATCC 43961, CCUG 66513","Saccharophagus degradans","2-40","Saccharophagus degradans","Saccharophagus degradans Ekborg et al. 2005",20215,86304,"species","28",6690,"7.5",23294,NA,NA,NA,"aerobe",6690,"heterotroph",23294,"GCA_000013665",203122.15,637000249,66792,"45.8",23294
141051,"KCTC 4228T, CGMCC 1.15824, DSM 101065, KCTC 4228, YIM 93745, JCM 17436","Saliphagus infecundisoli","","Saliphagus infecundisoli","Saliphagus infecundisoli Yin et al. 2017",20215,1849069,"species","25-50",43931,"6.0-8.5",43931,NA,NA,NA,"aerobe",43931,"chemoorganotroph",43931,"GCA_020177375",1849069.8,8048024234,66792,"64.6",64902
140375,"DSM 29762, CIP 110873, MOLA 117","Saonia flava","","Saonia flava","Saonia flava Fagervold et al. 2017",20215,523696,"species","4",43479,"7-8",43479,NA,NA,NA,"aerobe",43479,"chemoorganoheterotroph",43479,"GCA_011927795",523696.3,2830092112,66792,"36.9",43479
132403,"DSM 100673, JCM 30900, JAMH 043","Shimia abyssi","","Shimia abyssi","Shimia abyssi (Nogi et al. 2016) Wirth and Whitman 2018",20215,1662395,"species","10-30",43825,"6.5-9.5",43825,NA,NA,NA,"obligate aerobe",43825,"chemoorganotroph",43825,"GCA_003014475",1662395.5,2728369514,66792,"58",24192
132354,"DSM 103429, CGMCC 1.13007, KCTC 42631","Silvibacterium dinghuense","DHOF10","Silvibacterium dinghuense","Silvibacterium dinghuense (Jiang et al. 2016) Zhang et al. 2022",20215,1560006,"species","10-37",43829,"3.5-8",43829,NA,NA,NA,"aerobe",43829,"chemoheterotroph",43829,"GCA_004123295",1560006.3,2882000052,66792,"56.3",43829
17906,"DSM 21679, BCRC 17597, JCM 13881","Simiduia agarivorans","SA1","Simiduia agarivorans","Simiduia agarivorans Shieh et al. 2008",20215,447471,"species","28",15881,"07-10",32355,NA,NA,NA,"aerobe",32355,"chemoorganotroph",28584,"GCA_000305785",1117647.4,2519103097,66792,"55.6",15881
11943,"DSM 18658, ATCC BAA-1392, VKM B-2454","Singulisphaera acidiphila","MOB10","Singulisphaera acidiphila","Singulisphaera acidiphila Kulichevskaya et al. 2008",20215,466153,"species","28",7641,"4.2-7.5",32505,NA,NA,NA,"microaerophile",7641,"chemoorganotroph",28725,"",886293.4,NA,66792,"59.9",32505
170936,"KCTC 72000, NBRC 113698, CAU 1509","Sinimarinibacterium arenosum","","Sinimarinibacterium arenosum","Sinimarinibacterium arenosum Kim et al. 2020",20215,NA,"","20-37",69665,"7-8.5",69665,NA,NA,NA,"aerobe",69665,"chemoheterotroph",69665,"GCA_005047655",2562283.3,2890017862,69665,"63.2",69665
133315,"IBRC-M10915, LMG 28547","Soortia roseihalophila","Bsw-2b","Soortia roseihalophila","Soortia roseihalophila Amoozegar et al. 2017",20215,1889947,"species","28-34",25161,"6.0-8.0",25161,NA,NA,NA,"aerobe",25161,"heterotroph",25161,"",NA,NA,NA,"40.5",25161
169101,"BCRC 81097, LMG 30309, KCTC 62189T, KCTC 62189","Sphingobium algorifonticola","TLA-22","Sphingobium algorifonticola","Sphingobium algorifonticola Chen et al. 2020",20215,2008318,"species","10-37",69670,"5.5-7.5",69670,NA,NA,NA,"aerobe",125439,"chemoheterotroph",69670,"GCA_004005485",2008318.4,2881008736,66792,"63.2",69670
166537,"BCRC 81096, LMG 30311, KCTC 62190","Sphingomonas crocodyli","CCP-7","Sphingomonas crocodyli","Sphingomonas crocodyli Sheu et al. 2019",20215,1979270,"species","20-35",67896,"5.5-8",67896,NA,NA,NA,"aerobe",67896,"chemoheterotroph",67896,"GCA_004005865",1979270.4,2885422354,67896,"64.5",67896
133291,"BCRC 80911, LMG 29002, KCTC 42741","Sphingomonas piscinae","LYH-20","Sphingomonas piscinae","Sphingomonas piscinae Chen et al. 2016",20215,1664572,"species","15.0-40.0",25088,"5.0-9.0",25088,NA,NA,NA,"aerobe",25088,"chemoorganotroph",25088,"",NA,NA,NA,"67.5",25088
132650,"DSM 103336, CGMCC 1.15645","Sphingomonas prati","W18RD","Sphingomonas prati","Sphingomonas prati Manandhar et al. 2016",20215,1843237,"species","4-30",24961,"5.0-10.0",24961,NA,NA,NA,"aerobe",24961,"chemoheterotroph",24961,"GCA_014643515",1843237.5,8113183392,66792,"66.4",24961
133174,"JCM 31012, BCRC 80916","Spongiibacter taiwanensis","SPT1","Spongiibacter taiwanensis","Spongiibacter taiwanensis Jean et al. 2016",20215,1748242,"species","4-37",24950,"6.0-10.0",24950,NA,NA,NA,"aerobe",24950,"heterotroph",24950,"GCA_023702635",1748242.3,8055793758,66792,"57.9",24950
140261,"DSM 28179, VKM B-2948","Sporosalibacterium tautonense","MRo-4","Sporosalibacterium tautonense","Sporosalibacterium tautonense Podosokorskaya et al. 2017",20215,1859103,"species","50",43213,"7.0-8.8",43213,NA,NA,NA,"obligate anaerobe",43213,"organotroph",43213,"",NA,NA,NA,"32.9",43213
65,"DSM 5901, ATCC 43931, AUCM B-1552, BKM B-1552, DSM 3699, VKM B-1552","Stella vacuolata","","Allostella vacuolata","Allostella vacuolata (Vasilyeva 1985) Deshmukh and Oren 2025",20215,217070,"species","28",2353,"7",23248,NA,NA,NA,"microaerophile",23248,"chemoorganotroph",23248,"GCA_006739055",217070.3,2883517513,66792,"73.50",23248
159082,"DSM 100215, LMG 29790","Stieleria maiorica","Malle 15, Mal15","Stieleria maiorica","Stieleria maiorica Kallscheuer et al. 2021",20215,2795974,"species","28",65905,"5.5-9.0",69660,NA,NA,NA,"obligate aerobe",69660,"heterotroph",69660,"GCA_008035925",2026780.183,2994806493,66792,"59.3",69660
167975,"NBRC 114304, TBRC 11341, DSM 114153","Streptomyces acidicola","K1PN6","Streptomyces acidicola","Streptomyces acidicola Lipun et al. 2020",20215,2596892,"species","28",68790,"5-10",69653,NA,NA,NA,"obligate aerobe",125439,"heterotroph",69653,"GCA_009377235",2596892.3,8023503033,66792,"70.3",69653
133137,"NRRL B-24728, ICMP 17783","Streptomyces pini","PL19","Streptomyces pini","Streptomyces pini Madhaiyan et al. 2016",20215,1520580,"species","25.0-45.0",24902,"6.0-11.0",24902,NA,NA,NA,"aerobe",24902,"chemoorganotroph",24902,"GCA_900114215",1520580.4,2654587880,66792,"69.5",24902
105,"DSM 6222","Succinispira mobilis","19gly1","Succinispira mobilis","Succinispira mobilis Janssen and O'Farrell 1999",20215,78120,"species","35",2544,"6.7-8.5",22967,NA,NA,NA,"anaerobe",2544,"chemoorganotroph",22967,"GCA_000384135",1069080.9,2517093043,66792,"36.0",2544
133158,"JCM 31093, LMG 29156","Sulfitobacter faviae","S5-53","Sulfitobacter faviae","Sulfitobacter faviae Kumari et al. 2016",20215,1775881,"species","10.0-40.0",24933,"6.0-10.0",24933,NA,NA,NA,"aerobe",24933,"heterotroph",24933,"",NA,NA,NA,"61",24933
140590,"InaCC Ar79, JCM 31740","Sulfodiicoccus acidiphilus","HS-1","Sulfodiicoccus acidiphilus","Sulfodiicoccus acidiphilus Sakai and Kurosawa 2017",20215,1670455,"species","65-70",43238,"1.4-5.5",43238,NA,NA,NA,"aerobe",43238,"heterotroph",43238,"GCA_014648235",1670455.11,8062129157,66792,"52",43238
132623,"DSM 102939, NBRC 111889, aks 1","Sulfuriflexus mobilis","","Sulfuriflexus mobilis","Sulfuriflexus mobilis Kojima and Fukui 2016",20215,1811807,"species","30-32",43156,"6.4-8.7",43156,NA,NA,NA,"anaerobe",43156,"chemolithoautotroph",43156,"",NA,NA,NA,"53",24412
158817,"JCM 32117, InaCC Ar81","Sulfurisphaera javensis","KD-1","Sulfurisphaera javensis","Sulfurisphaera javensis Tsuboi et al. 2018",20215,2049879,"species","60-90",65581,"2.5-6.0",65581,NA,NA,NA,"facultative anaerobe",65581,"organotroph",65581,"",NA,NA,NA,"30.6",65581
140281,"DSM 103923, NBRC 112474","Sulfuritortus calidifontis","J1A","Sulfuritortus calidifontis","Sulfuritortus calidifontis Kojima et al. 2017",20215,1914471,"species","45",43215,"6.2-8.7",43215,NA,NA,NA,"facultative anaerobe",43215,"chemolithoautotroph",43215,"GCA_003967275",1914471.3,2836985240,66792,"66",42888
132090,"DSM 19611, NBRC 102602","Sulfurovum denitrificans","eps51","Sulfurovum denitrificans","Sulfurovum denitrificans Mori et al. 2018",20215,2201018,"species","30",23880,"7",66571,NA,NA,NA,"facultative anaerobe",66571,"chemolithoautotroph",66571,"",NA,NA,NA,"40.0",23880
140,"DSM 23630, VKM B-2570","Telmatobacter bradus","TPB6017","Telmatobacter bradus","Telmatobacter bradus Pankratov et al. 2012",20215,474953,"species","22",17302,"3.0",22887,NA,NA,NA,"anaerobe",17302,"chemoorganotroph",22887,"GCA_048629425",NA,NA,124043,"57.6",17302
159905,"DSM 100343, VKM B-2964","Tenuifilum thalassicum","38H-Str., 38H-str","Tenuifilum thalassicum","Tenuifilum thalassicum Podosokorskaya et al. 2021",20215,2590900,"species","50",66809,"4-9",69634,NA,NA,NA,"obligate anaerobe",69634,"chemoorganoheterotroph",69634,"GCA_013265555",2590900.3,2910038581,69634,"38.3",69634
132590,"DSM 28123, VKM B-2949","Tepidibacillus infernus","MBL-TLP","Tepidibacillus infernus","Tepidibacillus infernus Podosokorskaya et al. 2016",20215,1806172,"species","50",43090,"5.6-8.8",43090,NA,NA,NA,"aerotolerant",43090,"organotroph",43090,"",NA,NA,NA,"35.4",43090
166324,"CGMCC 1.13573, KCTC 62782","Tepidiphilus baoligensis","B18-69","Tepidiphilus baoligensis","Tepidiphilus baoligensis Zhang et al. 2020",20215,2698687,"species","35-60",68296,"6-9.5",68296,NA,NA,NA,"aerobe",68296,"chemoorganotroph",68296,"GCA_042654425",NA,NA,124043,"64.6",68296
24757,"DSM 15152, ATCC 39867","Teredinibacter turnerae","T7902","Teredinibacter turnerae","Teredinibacter turnerae Distel et al. 2002",20215,2426,"species","28",20855,"6-10.5",43378,NA,NA,NA,"aerobe",43378,"chemoheterotroph",43378,"GCA_000379165",1056820.3,2513237099,66792,"49-51",20855
24754,"DSM 15142","Teredinibacter turnerae","T7901","Teredinibacter turnerae","Teredinibacter turnerae Distel et al. 2002",20215,2426,"species","28",20852,"8.5",43378,NA,NA,NA,"aerobe",43378,"chemoheterotroph",43378,"GCA_000023025",377629.3,644736410,66792,"49-51",43378
24759,"DSM 15175","Teredinibacter turnerae","T8402","Teredinibacter turnerae","Teredinibacter turnerae Distel et al. 2002",20215,2426,"species","28",20857,"6-10.5",43378,NA,NA,NA,"aerobe",43378,"chemoheterotroph",43378,"GCA_000381645",1073969.3,2519899652,66792,"49-51",43378
140539,"KACC 18695, JCM 31189","Thalassotalea crassostreae","LPB0090","Thalassotalea crassostreae","Thalassotalea crassostreae Choi et al. 2017",20215,1763536,"species","25",43326,"5-7.5",43326,NA,NA,NA,"aerobe",43326,"chemoorganotroph",43326,"GCA_001831495",NA,2718218024,66792,"38.8",43326
133279,"BCRC 80910, LMG 29001, KCTC 42743","Thalassotalea euphylliae","Eup-16","Thalassotalea euphylliae","Thalassotalea euphylliae Sheu et al. 2016",20215,1655234,"species","25.0-30.0",25120,"7.5-9.0",25120,NA,NA,NA,"aerobe",25120,"chemoorganotroph",25120,"GCA_042682785",NA,NA,124043,"43.2",25120
133172,"LMG 24827, BCRC 17940","Thalassotalea montiporae","CL-22","Thalassotalea montiporae","Thalassotalea montiporae Chen et al. 2016",20215,570280,"species","30",24947,"6.5-7.0",24947,NA,NA,NA,"aerobe",24947,"chemoorganotroph",24947,"",NA,NA,NA,"41.2",24947
18040,"DSM 12885, JCM 10246, ATCC 700841","Thermaerobacter marianensis","7p75a","Thermaerobacter marianensis","Thermaerobacter marianensis Takai et al. 1999",20215,73919,"species","75",4853,"5.4-9.5",43371,NA,NA,NA,"obligate aerobe",43371,"heterotroph",43371,"GCA_000184705",644966.3,649633101,66792,"72.5",4853
525,"DSM 19557, ATCC BAA-1533","Thermocrinis minervae","CR11","Thermocrinis minervae","Thermocrinis minervae Caldwell et al. 2010",20215,381751,"species","75",8174,"4.8",23130,NA,NA,NA,"microaerophile",8174,"chemolithotroph",23130,"GCA_900142435",381751.3,2698536703,66792,"40.3",8174
132647,"DSM 101864, MCCC 1A01871","Thermodesulfatator autotrophicus","S606","Thermodesulfatator autotrophicus","Thermodesulfatator autotrophicus Lai et al. 2016",20215,1795632,"species","50.0-80.0",24932,"5.5-8.0",24932,NA,NA,NA,"obligate anaerobe",24932,"chemolithoautotroph",24932,"GCA_001642325",1795632.6,2744054635,66792,"43.1",24932
133068,"DSM 102936, VKM B-2961","Thermodesulfitimonas autotrophica","SF97","Thermodesulfitimonas autotrophica","Thermodesulfitimonas autotrophica Slobodkina et al. 2017",20215,1894989,"species","45.0-72.0",25213,"5.5-8.5",25213,NA,NA,NA,"anaerobe",25213,"chemolithoautotroph",25213,"GCA_003815015",1894989.3,2786546166,66792,"55.8",25213
140262,"DSM 102892, VKM B-3043","Thermodesulfobium acidiphilum","3127-1","Thermodesulfobium acidiphilum","Thermodesulfobium acidiphilum Frolov et al. 2017",20215,1794699,"species","54",43216,"3.7-6.5",43216,NA,NA,NA,"obligate anaerobe",43216,"chemolithoautotroph",43216,"GCA_003057965",1794699.3,8062847939,66792,"33.7",43216
140665,"JCM 19131, CCTCC AB 2014030","Thermoflexus hugenholtzii","JAD2","Thermoflexus hugenholtzii","Thermoflexus hugenholtzii Dodsworth et al. 2014",20215,1495650,"species","72.5-75",43390,"6.5-7.75",43390,NA,NA,NA,"microaerophile",43390,"chemoheterotroph",43390,"GCA_900187885",877466.5,2140918011,67770,"69.3",43390
132428,"DSM 22663, VKM B-2946","Thermogladius calderae","1633","Thermogladius calderae","Thermogladius calderae Kochetkova et al. 2016",20215,1200300,"species","80-95",43763,"6.5-8.2",43763,NA,NA,NA,"obligate anaerobe",43763,"organoheterotroph",43763,"GCA_000264495",1184251.4,2521172705,66792,"55.64",24217
4205,"DSM 11486","Thermosphaera aggregans","M11TL","Thermosphaera aggregans","Thermosphaera aggregans Huber et al. 1998",20215,54254,"species","85",4384,"5.0-7.0",23228,NA,NA,NA,"anaerobe",4384,"heterotroph",23228,"GCA_000092185",633148.11,646564583,66792,"46",4384
140842,"NBRC 111777, BCCM/LMG 29329","Thermosporothrix narukonensis","F4","Thermosporothrix narukonensis","Thermosporothrix narukonensis Yabe et al. 2016",20215,1445971,"species","30-60",43645,"4.9-9.5",43645,NA,NA,NA,"aerobe",43645,"heterotroph",43645,"",NA,NA,NA,"52.5",43645
140938,"JCM 19992, VKM B-2881","Thermostilla marina","SVX8","Thermostilla marina","Thermostilla marina Slobodkina et al. 2016",20215,1742923,"species","30-68",43826,"5-9",43826,NA,NA,NA,"facultative anaerobe",43826,"chemoorganotroph",43826,"",NA,NA,NA,"58.5",67770
17068,"DSM 13995, JCM 10881, ATCC BAA-488","Thermotoga petrophila","RKU-1","Thermotoga petrophila","Thermotoga petrophila Takahata et al. 2001",20215,93929,"species","80",5208,"5.2-9",43376,NA,NA,NA,"anaerobe",5208,"heterotroph",43376,"GCA_000016785",390874.12,640427150,66792,"46.6",5208
158274,"DSM 103712","Thioclava sediminum","ElOx 9","Thioclava sediminum","Thioclava sediminum Liu et al. 2017",20215,1549850,"species","30",64933,"4.5-8.5",65564,NA,NA,NA,"anaerobe",65564,"autotroph",65564,"",NA,NA,NA,"63.8",65564
166194,"NBRC 112315, BCRC 81110","Thiomicrorhabdus aquaedulcis","HaS4","Thiomicrorhabdus aquaedulcis","Thiomicrorhabdus aquaedulcis Kojima and Fukui 2019",20215,2211106,"species","0-25",68008,"6.2-8.8",68008,NA,NA,NA,"aerobe",68008,"chemolithoautotroph",68008,"GCA_004001325",2211106.3,2839896438,68008,"45.3",68008
11931,"DSM 13458, ATCC 700955","Thiomicrorhabdus arctica","SVAL-E","Thiomicrorhabdus arctica","Thiomicrorhabdus arctica (Knittel et al. 2005) Boden et al. 2017",20215,131540,"species","15",5050,"6.5-9.0",31345,NA,NA,NA,"aerobe",31345,"chemolithoautotroph",43182,"GCA_000381085",1123514.3,2522572127,66792,"42.4",5050
132628,"DSM 100274, JCM 30760, MAS 2","Thiomicrorhabdus hydrogeniphila","","Thiomicrorhabdus hydrogeniphila","Thiomicrorhabdus hydrogeniphila (Watsuji et al. 2016) Boden et al. 2017",20215,1572581,"species","2-40",43576,"5-8",43576,NA,NA,NA,"obligate aerobe",43576,"chemolithoheterotroph",43576,"",NA,NA,NA,"39.6",24417
11932,"DSM 13453, ATCC 700954","Thiomicrorhabdus psychrophila","SVAL-D","Thiomicrorhabdus psychrophila","Thiomicrorhabdus psychrophila (Knittel et al. 2005) Boden et al. 2017",20215,146829,"species","15",5049,"6.5-9.0",31345,NA,NA,NA,"aerobe",31345,"chemolithoautotroph",43182,"",NA,NA,NA,"42.5",5049
11910,"DSM 13739, CBS 100465","Thiomicrospira aerophila","AL3","Thiomicrospira aerophila","Thiomicrospira aerophila (Sorokin et al. 2001) Boden et al. 2017",20215,92245,"species","41",43182,"9.8-10.0",43182,NA,NA,NA,"obligate aerobe",43182,"chemolithoautotroph",43182,"GCA_000227665",717772.5,2506783063,66792,"64.9",5137
11912,"DSM 14477, JCM 11371, ALM 1","Thiomicrospira cyclica","","Thiomicrospira cyclica","Thiomicrospira cyclica (Sorokin et al. 2002) Boden et al. 2017",20215,147268,"species","28",5370,"9.5",43182,NA,NA,NA,"obligate aerobe",43182,"chemolithoautotroph",43182,"",NA,NA,NA,"49.6",5370
11913,"DSM 17327, UNIQEM U242","Thiomicrospira microaerophila","ASL8-2","Thiomicrospira microaerophila","Thiomicrospira microaerophila (Sorokin et al. 2007) Boden et al. 2017",20215,406020,"species","28",6895,"9",43182,NA,NA,NA,"microaerophile",6895,"chemolithoautotroph",43182,"GCA_000934765",406020.4,2593339162,66792,"45.6",43182
11911,"DSM 13740, NCCB 100000","Thiomicrospira sibirica","AL7","Thiomicrospira sibirica","Thiomicrospira sibirica (Sorokin et al. 2001) Boden et al. 2017",20215,92246,"species","30",5138,"9.8-10.0",43182,NA,NA,NA,"obligate aerobe",43182,"chemolithoautotroph",43182,"",NA,NA,NA,"64.2",5138
140546,"KCTC 15531, JCM 31245","Thiorhodococcus alkaliphilus","JA878","Thiorhodococcus alkaliphilus","Thiorhodococcus alkaliphilus Prathyash Ushus et al. 2017",20215,1752873,"species","27",43334,"10-11",43334,NA,NA,NA,"anaerobe",67771,"organotroph|photoautotroph",43334,"",NA,NA,NA,"62.4",43334
140939,"CGMCC 1.12944, JCM 30358","Tianweitania sediminis","Z8","Tianweitania sediminis","Tianweitania sediminis Han et al. 2016",20215,1502156,"species","20-35",43827,"6-8",43827,NA,NA,NA,"obligate aerobe",43827,"chemoheterotroph",43827,"GCA_017813335",1502156.3,2994093138,66792,"59.6",43827
158322,"DSM 101689, LMG 29740","Tritonibacter horizontis","O3.65","Tritonibacter horizontis","Tritonibacter horizontis Klotz et al. 2018",20215,1768241,"species","30",64998,"5.5-9",65345,NA,NA,NA,"aerobe",65345,"chemoorganoheterotroph",65345,"GCA_001518015",1768241.5,2788500136,66792,"61.5",64998
140719,"LMG 29571, VKM B-3044","Tundrisphaera lichenicola","P12","Tundrisphaera lichenicola","Tundrisphaera lichenicola Kulichevskaya et al. 2017",20215,2029860,"species","4-28",43497,"4.5-6.8",43497,NA,NA,NA,"obligate aerobe",43497,"chemoheterotroph",43497,"",NA,NA,NA,"61.2-62.2",43497
157132,"CCUG 69661, DSM 105045","Tuwongella immobilis","MBLW1","Tuwongella immobilis","Tuwongella immobilis Seeger et al. 2017",20215,692036,"species","30",63639,"6-10.5",65238,NA,NA,NA,"aerobe",63639,"chemoorganotroph",65238,"GCA_901538355",692036.5,2883404505,66792,"57",64967
133283,"BCRC 80903, LMG 28837, KCTC 42655","Uliginosibacterium paludis","KBP-13","Uliginosibacterium paludis","Uliginosibacterium paludis Chen et al. 2016",20215,1615952,"species","15.0-40.0",25098,"6.0-8.0",25098,NA,NA,NA,"aerobe",25098,"chemoheterotroph",25098,"GCA_040530065",NA,NA,124043,"64.1-66.1",25098
5658,"DSM 16195, CCUG 47093, KCTC 12104, KMM 3912, CIP 108343","Ulvibacter litoralis","","Ulvibacter litoralis","Ulvibacter litoralis Nedashkovskaya et al. 2004",20215,227084,"species","20",6318,"5.5-10",29967,NA,NA,NA,"aerobe",29967,"chemoorganotroph",26336,"GCA_900102055",227084.13,2675903215,66792,"36.7-38",29967
140831,"KACC 18501, NBRC 111520, UC 38","Variovorax humicola","","Variovorax humicola","Variovorax humicola Nguyen and Kim 2016",20215,1769758,"species","4-35",43629,"4-9",43629,NA,NA,NA,"aerobe",43629,"chemoautolithotroph",43629,"GCA_037889915",NA,NA,124043,"66.2",43629
132624,"DSM 101688, JCM 31027, TC 8","Varunaivibrio sulfuroxidans","","Varunaivibrio sulfuroxidans","Varunaivibrio sulfuroxidans Patwardhan and Vetriani 2016",20215,1773489,"species","30",43161,"4.5-8.5",43161,NA,NA,NA,"facultative anaerobe",43161,"chemoautotroph",43161,"GCA_004341725",1773489.15,2784746782,67770,"59.9",24413
140734,"CECT 9027, LMG 29724","Vibrio palustris","EAod9","Vibrio palustris","Vibrio palustris Lucena et al. 2017",20215,1918946,"species","26",43513,"7",43513,NA,NA,NA,"facultative anaerobe",43513,"chemoorganotroph",43513,"GCA_024346995",1918946.9,8051425420,66792,"43.4",43513
140735,"CECT 9026, LMG 29723","Vibrio spartinae","SMJ21","Vibrio spartinae","Vibrio spartinae Lucena et al. 2017",20215,1918945,"species","26",43513,"7",43513,NA,NA,NA,"facultative anaerobe",43513,"chemoorganotroph",43513,"GCA_024347135",1918945.11,8081912848,66792,"45.3",43513
132582,"DSM 29464, LMG 29035","Vicinamibacter silvestris","Ac_5_C6","Vicinamibacter silvestris","Vicinamibacter silvestris Huber et al. 2016",20215,1612172,"species","12-40",43580,"4.7-9",43580,NA,NA,NA,"aerobe",43580,"chemoorganoheterotroph",43580,"",NA,NA,NA,"65.9",43580
158595,"NCIMB 15042, MTCC 12686, DSM 103558, CECT 30270","Vicingus serpentipes","ANORD5","Vicingus serpentipes","Vicingus serpentipes Wiese et al. 2018",20215,1926625,"species","5-30",65308,"6.5-9",65308,NA,NA,NA,"aerobe",65308,"chemoheterotroph",65308,"GCA_007993035",1926625.3,2988973709,66792,"31",67695
1485,"DSM 18098, JCM 30551, LMG 23503, CECT 7163","Virgibacillus olivae","E30 8, E30 8","Virgibacillus olivae","Virgibacillus olivae Quesada et al. 2007",20215,340172,"species","30",7392,"4.0-8.0",23053,NA,NA,NA,"aerobe",23053,"heterotroph",23053,"",NA,NA,NA,"33.4",7392
140283,"DSM 102952, NCCB 100600","Vitiosangium cumulatum","MCy10943","Vitiosangium cumulatum","Vitiosangium cumulatum Awal et al. 2017",20215,1867796,"species","22-40",43219,"6.0-9.5",43219,NA,NA,NA,"aerobe",43219,"chemoheterotroph",43219,"",NA,NA,NA,"72.5",42890
140282,"DSM 102953, NCCB 100601","Vitiosangium subalbum","MCy10944","Vitiosangium subalbum","Vitiosangium subalbum Awal et al. 2017",20215,1867797,"species","18-37",43219,"5.5-9.0",43219,NA,NA,NA,"aerobe",43219,"chemoheterotroph",43219,"",NA,NA,NA,"74.6",42889
140141,"DSM 105718, BCRC 80912, KCTC 42742, LMG 29003","Vogesella facilis","TTM-24","Vogesella facilis","Vogesella facilis Sheu et al. 2016",20215,1655232,"species","15-37",43828,"6-8",43828,NA,NA,NA,"facultative anaerobe",43828,"chemoheterotroph",43828,"GCA_042648525",NA,NA,124043,"67.4",43828
1402,"DSM 14931, JCM 12998","Vulcanibacillus modesticaldus","BR","Vulcanibacillus modesticaldus","Vulcanibacillus modesticaldus L'Haridon et al. 2006",20215,337097,"species","45",5451,"6.0-8.5",23027,NA,NA,NA,"anaerobe",5451,"chemoorganoheterotroph",23027,"GCA_001730235",NA,2989110478,67770,"34.5",23027
159763,"KACC 18883, KCTC 52240, JCM 31383, IMCC 20180","Winogradskyella aurantiaca","","Winogradskyella aurantiaca","Winogradskyella aurantiaca Song et al. 2018",20215,2219558,"species","25",66699,"8.5",66699,NA,NA,NA,"aerobe",66699,"chemoheterotroph",66699,"GCA_003362725",2219558.3,2837482949,67770,"37.7",66699
